previousdoc,previousline,nextdoc,nextline,linktype,foreignamount,_fivetran_deleted
1008,0,3327,0,Payment,2645.35,false
1011,0,3327,0,Payment,7157.69,false
1012,0,3327,0,Payment,4225.36,false
1015,0,3327,0,Payment,2102.48,false
1003,0,3328,0,Payment,1816.59,false
1017,0,3329,0,Payment,2930.68,false
1004,0,3330,0,Payment,2035.75,false
1005,0,3330,0,Payment,476.06,false
1006,0,3330,0,Payment,1989.14,false
1009,0,3330,0,Payment,1218.75,false
1010,0,3330,0,Payment,1147.69,false
1014,0,3330,0,Payment,1456.04,false
1013,0,3331,0,Payment,291.55,false
1016,0,3332,0,Payment,13432.75,false
1002,0,3333,0,Payment,7190.20,false
1028,0,3334,0,Payment,24976.24,false
1018,0,3335,0,Payment,2356.19,false
1020,0,3335,0,Payment,8738.20,false
1022,0,3335,0,Payment,5032.73,false
1026,0,3335,0,Payment,7270.57,false
1027,0,3335,0,Payment,705.14,false
1030,0,3335,0,Payment,6270.79,false
1023,0,3336,0,Payment,2667.80,false
1029,0,3336,0,Payment,871.06,false
1024,0,3337,0,Payment,654.26,false
1025,0,3337,0,Payment,2481.42,false
1001,0,3338,0,Payment,7843.03,false
1007,0,3339,0,Payment,6844.90,false
1021,0,3340,0,Payment,116.96,false
1043,0,3341,0,Payment,26418.07,false
1035,0,3342,0,Payment,2108.74,false
1037,0,3342,0,Payment,4060.96,false
1038,0,3342,0,Payment,2882.41,false
1041,0,3342,0,Payment,1729.28,false
1033,0,3343,0,Payment,849.11,false
1039,0,3344,0,Payment,1414.69,false
1019,0,3345,0,Payment,1802.88,false
1036,0,3346,0,Payment,1590.62,false
1032,0,3347,0,Payment,8622.77,false
1050,0,3348,0,Payment,2915.31,false
1051,0,3348,0,Payment,1836.85,false
1057,0,3348,0,Payment,4898.54,false
1058,0,3348,0,Payment,5961.04,false
1062,0,3348,0,Payment,6028.44,false
1044,0,3349,0,Payment,2245.23,false
1045,0,3349,0,Payment,2333.62,false
1048,0,3349,0,Payment,969.06,false
1052,0,3349,0,Payment,1098.66,false
1054,0,3349,0,Payment,6987.67,false
1063,0,3349,0,Payment,1808.90,false
1046,0,3350,0,Payment,1721.87,false
1049,0,3350,0,Payment,151.77,false
1056,0,3350,0,Payment,1530.36,false
1064,0,3350,0,Payment,378.51,false
1065,0,3350,0,Payment,2081.87,false
1040,0,3351,0,Payment,4647.89,false
1031,0,3352,0,Payment,3864.56,false
1034,0,3352,0,Payment,1020.94,false
1042,0,3352,0,Payment,5213.81,false
1055,0,3353,0,Payment,2128.76,false
1059,0,3353,0,Payment,1610.17,false
1060,0,3354,0,Payment,377.43,false
1061,0,3354,0,Payment,554.79,false
1053,0,3355,0,Payment,19514.26,false
1082,0,3356,0,Payment,12326.58,false
1070,0,3357,0,Payment,2741.46,false
1071,0,3357,0,Payment,4468.76,false
1073,0,3357,0,Payment,5259.82,false
1077,0,3357,0,Payment,1677.88,false
1085,0,3357,0,Payment,1743.97,false
1086,0,3357,0,Payment,9880.26,false
1087,0,3357,0,Payment,3045.38,false
1072,0,3358,0,Payment,2848.05,false
1074,0,3358,0,Payment,2209.34,false
1078,0,3358,0,Payment,2444.33,false
1083,0,3358,0,Payment,2468.92,false
1081,0,3359,0,Payment,574.29,false
1047,0,3360,0,Payment,393.15,false
1079,0,3361,0,Payment,1672.51,false
1080,0,3362,0,Payment,1058.04,false
1084,0,3362,0,Payment,1039.92,false
1088,0,3362,0,Payment,1487.72,false
1069,0,3363,0,Payment,9321.22,false
1091,0,3364,0,Payment,3750.22,false
1100,0,3364,0,Payment,1852.49,false
1102,0,3364,0,Payment,6528.43,false
1089,0,3365,0,Payment,4397.07,false
1092,0,3365,0,Payment,4412.61,false
1101,0,3365,0,Payment,4009.84,false
1103,0,3365,0,Payment,3689.86,false
1097,0,3366,0,Payment,2146.61,false
1104,0,3366,0,Payment,2144.36,false
1090,0,3367,0,Payment,763.22,false
1093,0,3367,0,Payment,2546.48,false
1094,0,3367,0,Payment,2249.65,false
1095,0,3367,0,Payment,1998.19,false
1066,0,3368,0,Payment,7282.09,false
1076,0,3368,0,Payment,1485.71,false
1067,0,3369,0,Payment,6312.26,false
1068,0,3369,0,Payment,2075.12,false
1075,0,3369,0,Payment,5441.57,false
1096,0,3370,0,Payment,2581.99,false
1098,0,3370,0,Payment,2454.36,false
1099,0,3371,0,Payment,20636.68,false
1110,0,3372,0,Payment,2158.63,false
1111,0,3372,0,Payment,9502.24,false
1113,0,3372,0,Payment,6416.21,false
1114,0,3372,0,Payment,5587.46,false
1122,0,3372,0,Payment,2216.66,false
1126,0,3372,0,Payment,3510.96,false
1115,0,3373,0,Payment,3577.94,false
1118,0,3373,0,Payment,3226.08,false
1129,0,3373,0,Payment,4749.41,false
1130,0,3373,0,Payment,3532.61,false
1133,0,3373,0,Payment,11162.02,false
1124,0,3374,0,Payment,2531.27,false
1134,0,3374,0,Payment,2814.93,false
1127,0,3375,0,Payment,3381.52,false
1131,0,3375,0,Payment,1347.25,false
1117,0,3376,0,Payment,2623.98,false
1120,0,3376,0,Payment,1888.87,false
1112,0,3377,0,Payment,1034.08,false
1123,0,3378,0,Payment,14903.22,false
1106,0,3379,0,Payment,9347.57,false
1144,0,3380,0,Payment,22408.92,false
1109,0,3381,0,Payment,4714.00,false
1121,0,3381,0,Payment,3327.16,false
1128,0,3381,0,Payment,1701.13,false
1132,0,3381,0,Payment,854.37,false
1135,0,3382,0,Payment,4033.91,false
1140,0,3382,0,Payment,4821.60,false
1148,0,3382,0,Payment,5234.97,false
1154,0,3382,0,Payment,4363.18,false
1138,0,3383,0,Payment,1198.07,false
1141,0,3383,0,Payment,1000.16,false
1142,0,3383,0,Payment,4898.56,false
1149,0,3383,0,Payment,6000.32,false
1150,0,3383,0,Payment,3426.43,false
1143,0,3384,0,Payment,1281.07,false
1145,0,3384,0,Payment,3172.20,false
1151,0,3384,0,Payment,8389.43,false
1139,0,3385,0,Payment,3273.01,false
1146,0,3385,0,Payment,1346.59,false
1152,0,3385,0,Payment,1963.03,false
1155,0,3385,0,Payment,2405.25,false
1105,0,3386,0,Payment,5132.99,false
1108,0,3386,0,Payment,3720.63,false
1125,0,3386,0,Payment,6255.85,false
1107,0,3387,0,Payment,9276.45,false
1116,0,3387,0,Payment,3661.42,false
1119,0,3387,0,Payment,8910.12,false
1136,0,3388,0,Payment,2706.35,false
1147,0,3389,0,Payment,1676.38,false
1153,0,3389,0,Payment,1935.63,false
1178,0,3390,0,Payment,15414.64,false
1137,0,3391,0,Payment,880.62,false
1162,0,3392,0,Payment,5659.16,false
1163,0,3392,0,Payment,4427.41,false
1165,0,3392,0,Payment,4158.66,false
1169,0,3392,0,Payment,7179.95,false
1158,0,3393,0,Payment,4744.43,false
1160,0,3393,0,Payment,2108.67,false
1166,0,3393,0,Payment,9883.46,false
1167,0,3393,0,Payment,3361.85,false
1170,0,3393,0,Payment,10044.82,false
1171,0,3393,0,Payment,5960.32,false
1185,0,3393,0,Payment,9210.43,false
1168,0,3394,0,Payment,2423.98,false
1172,0,3394,0,Payment,3368.42,false
1181,0,3394,0,Payment,8963.77,false
1173,0,3395,0,Payment,3962.77,false
1175,0,3395,0,Payment,2547.98,false
1179,0,3396,0,Payment,3418.45,false
1183,0,3396,0,Payment,2107.00,false
1174,0,3397,0,Payment,1263.86,false
1184,0,3397,0,Payment,1325.42,false
1156,0,3398,0,Payment,8389.58,false
1159,0,3399,0,Payment,954.81,false
1164,0,3399,0,Payment,4100.17,false
1180,0,3399,0,Payment,1578.64,false
1188,0,3400,0,Payment,3564.44,false
1191,0,3400,0,Payment,6511.32,false
1199,0,3400,0,Payment,6115.23,false
1200,0,3400,0,Payment,3766.64,false
1201,0,3400,0,Payment,4699.29,false
1205,0,3400,0,Payment,3220.57,false
1202,0,3401,0,Payment,1057.12,false
1203,0,3401,0,Payment,1045.38,false
1204,0,3401,0,Payment,2896.51,false
1189,0,3402,0,Payment,3323.91,false
1198,0,3402,0,Payment,4976.66,false
1186,0,3403,0,Payment,3507.95,false
1192,0,3403,0,Payment,2412.72,false
1193,0,3403,0,Payment,1318.16,false
1206,0,3403,0,Payment,2071.74,false
1161,0,3404,0,Payment,6453.63,false
1176,0,3404,0,Payment,3780.88,false
1157,0,3405,0,Payment,5411.71,false
1177,0,3405,0,Payment,10862.05,false
1182,0,3405,0,Payment,9260.05,false
1195,0,3406,0,Payment,2718.49,false
1190,0,3407,0,Payment,2852.89,false
1196,0,3408,0,Payment,9900.24,false
1178,0,3409,0,Payment,10276.43,false
1187,0,3410,0,Payment,820.44,false
1197,0,3410,0,Payment,4350.46,false
1209,0,3411,0,Payment,7464.22,false
1212,0,3411,0,Payment,9549.54,false
1213,0,3411,0,Payment,2873.92,false
1217,0,3411,0,Payment,4186.57,false
1221,0,3411,0,Payment,5165.53,false
1222,0,3411,0,Payment,6562.24,false
1224,0,3411,0,Payment,6026.50,false
1210,0,3412,0,Payment,1202.42,false
1216,0,3412,0,Payment,6312.60,false
1226,0,3412,0,Payment,6223.35,false
1214,0,3413,0,Payment,7073.92,false
1227,0,3413,0,Payment,5740.93,false
1223,0,3414,0,Payment,3524.43,false
1230,0,3414,0,Payment,1831.14,false
1194,0,3415,0,Payment,7047.96,false
1220,0,3416,0,Payment,2037.09,false
1228,0,3416,0,Payment,1477.01,false
1208,0,3417,0,Payment,8806.96,false
1253,0,3418,0,Payment,20342.01,false
1211,0,3419,0,Payment,2059.43,false
1225,0,3419,0,Payment,4982.35,false
1229,0,3419,0,Payment,5017.15,false
1238,0,3420,0,Payment,9014.73,false
1245,0,3420,0,Payment,4671.05,false
1248,0,3420,0,Payment,882.81,false
1232,0,3421,0,Payment,4560.76,false
1239,0,3421,0,Payment,7975.99,false
1240,0,3421,0,Payment,4333.65,false
1241,0,3421,0,Payment,4779.22,false
1254,0,3421,0,Payment,15646.25,false
1255,0,3421,0,Payment,1897.71,false
1243,0,3422,0,Payment,5673.33,false
1246,0,3422,0,Payment,7022.97,false
1249,0,3422,0,Payment,7794.25,false
1244,0,3423,0,Payment,4011.38,false
1247,0,3423,0,Payment,3176.96,false
1252,0,3423,0,Payment,4134.66,false
1256,0,3423,0,Payment,1614.53,false
1207,0,3424,0,Payment,10230.53,false
1215,0,3424,0,Payment,4776.80,false
1233,0,3424,0,Payment,8162.13,false
1218,0,3425,0,Payment,11202.45,false
1219,0,3425,0,Payment,4365.17,false
1231,0,3425,0,Payment,9365.87,false
1234,0,3426,0,Payment,3311.11,false
1236,0,3426,0,Payment,3477.14,false
1251,0,3426,0,Payment,2232.38,false
1242,0,3427,0,Payment,2543.18,false
1250,0,3428,0,Payment,9949.28,false
1235,0,3429,0,Payment,3831.80,false
1237,0,3429,0,Payment,918.10,false
1263,0,3430,0,Payment,7003.34,false
1265,0,3430,0,Payment,11931.16,false
1267,0,3430,0,Payment,3599.81,false
1270,0,3430,0,Payment,6442.88,false
1275,0,3430,0,Payment,7494.45,false
1261,0,3431,0,Payment,4991.92,false
1262,0,3431,0,Payment,7153.35,false
1276,0,3431,0,Payment,3737.19,false
1278,0,3431,0,Payment,5145.20,false
1268,0,3432,0,Payment,4471.12,false
1271,0,3432,0,Payment,7078.77,false
1273,0,3432,0,Payment,2135.61,false
1279,0,3433,0,Payment,4318.70,false
1282,0,3433,0,Payment,2849.80,false
1286,0,3433,0,Payment,3420.42,false
1277,0,3434,0,Payment,3613.47,false
1281,0,3434,0,Payment,1915.96,false
1264,0,3435,0,Payment,3612.76,false
1274,0,3435,0,Payment,1936.10,false
1285,0,3435,0,Payment,1550.29,false
1266,0,3436,0,Payment,19423.94,false
1257,0,3437,0,Payment,10190.10,false
1293,0,3438,0,Payment,16651.65,false
1260,0,3439,0,Payment,5987.54,false
1269,0,3439,0,Payment,894.44,false
1272,0,3439,0,Payment,3629.98,false
1288,0,3439,0,Payment,3429.98,false
1289,0,3440,0,Payment,8574.39,false
1291,0,3440,0,Payment,9278.85,false
1297,0,3440,0,Payment,3924.39,false
1298,0,3440,0,Payment,3765.38,false
1299,0,3440,0,Payment,6160.58,false
1290,0,3441,0,Payment,12852.86,false
1292,0,3441,0,Payment,10169.06,false
1294,0,3441,0,Payment,4835.76,false
1302,0,3441,0,Payment,3399.63,false
1303,0,3441,0,Payment,3155.82,false
1307,0,3441,0,Payment,5233.58,false
1300,0,3442,0,Payment,4358.01,false
1304,0,3442,0,Payment,10943.65,false
1296,0,3443,0,Payment,4851.66,false
1305,0,3443,0,Payment,1847.48,false
1306,0,3443,0,Payment,2651.46,false
1258,0,3444,0,Payment,8523.93,false
1283,0,3444,0,Payment,7985.16,false
1287,0,3444,0,Payment,5059.16,false
1259,0,3445,0,Payment,13188.22,false
1280,0,3445,0,Payment,7449.15,false
1284,0,3445,0,Payment,11251.42,false
1301,0,3446,0,Payment,2295.34,false
1293,0,3447,0,Payment,11101.10,false
1295,0,3448,0,Payment,2793.07,false
1310,0,3449,0,Payment,7267.57,false
1311,0,3449,0,Payment,4512.70,false
1313,0,3449,0,Payment,7454.28,false
1314,0,3449,0,Payment,4388.36,false
1318,0,3449,0,Payment,2226.59,false
1322,0,3449,0,Payment,10454.71,false
1324,0,3449,0,Payment,8162.47,false
1336,0,3449,0,Payment,14098.05,false
1343,0,3449,0,Payment,8476.56,false
1315,0,3450,0,Payment,2358.57,false
1319,0,3450,0,Payment,14048.37,false
1325,0,3450,0,Payment,5948.14,false
1333,0,3450,0,Payment,942.67,false
1337,0,3450,0,Payment,2083.67,false
1341,0,3450,0,Payment,5475.82,false
1323,0,3451,0,Payment,6861.90,false
1326,0,3451,0,Payment,7544.43,false
1331,0,3451,0,Payment,4170.13,false
1338,0,3451,0,Payment,6872.60,false
1334,0,3452,0,Payment,2675.43,false
1335,0,3452,0,Payment,4782.25,false
1342,0,3452,0,Payment,2307.46,false
1344,0,3452,0,Payment,3197.38,false
1327,0,3453,0,Payment,3501.39,true
1332,0,3453,0,Payment,3466.24,true
1317,0,3454,0,Payment,2427.55,false
1329,0,3454,0,Payment,3248.18,false
1308,0,3455,0,Payment,7487.47,false
1358,0,3456,0,Payment,15152.38,false
1312,0,3457,0,Payment,2413.05,false
1321,0,3457,0,Payment,6157.66,false
1330,0,3457,0,Payment,2492.09,false
1340,0,3457,0,Payment,3986.83,false
1352,0,3458,0,Payment,3569.24,false
1348,0,3459,0,Payment,957.88,false
1353,0,3459,0,Payment,4278.16,false
1354,0,3459,0,Payment,4781.60,false
1355,0,3459,0,Payment,4740.09,false
1349,0,3460,0,Payment,16242.44,false
1350,0,3461,0,Payment,5146.26,false
1351,0,3461,0,Payment,2537.20,false
1316,0,3462,0,Payment,8270.91,false
1328,0,3462,0,Payment,12444.70,false
1339,0,3462,0,Payment,6848.55,false
1309,0,3463,0,Payment,6175.50,false
1320,0,3463,0,Payment,14750.53,false
1345,0,3464,0,Payment,3708.04,false
1356,0,3465,0,Payment,2136.05,false
1357,0,3466,0,Payment,14961.26,false
1347,0,3467,0,Payment,6158.03,false
1360,0,3468,0,Payment,6791.24,false
1362,0,3468,0,Payment,5185.06,false
1374,0,3468,0,Payment,4643.22,false
1361,0,3469,0,Payment,7835.74,false
1368,0,3470,0,Payment,2320.94,false
1369,0,3470,0,Payment,8230.29,false
1375,0,3471,0,Payment,4480.36,false
1346,0,3472,0,Payment,7586.72,false
1372,0,3473,0,Payment,3915.55,false
1365,0,3474,0,Payment,2735.59,false
1376,0,3474,0,Payment,3476.76,false
1373,0,3475,0,Payment,14554.02,false
1359,0,3476,0,Payment,7599.84,false
1403,0,3477,0,Payment,18937.71,false
1364,0,3478,0,Payment,7685.79,false
1380,0,3479,0,Payment,9477.17,false
1382,0,3479,0,Payment,11792.81,false
1385,0,3479,0,Payment,9011.29,false
1386,0,3479,0,Payment,10199.26,false
1389,0,3479,0,Payment,11923.82,false
1396,0,3479,0,Payment,11386.36,false
1407,0,3479,0,Payment,5586.61,false
1377,0,3480,0,Payment,6686.07,false
1378,0,3480,0,Payment,2945.88,false
1390,0,3480,0,Payment,15461.66,false
1391,0,3480,0,Payment,3726.89,false
1393,0,3480,0,Payment,12557.69,false
1397,0,3480,0,Payment,9550.81,false
1406,0,3480,0,Payment,2230.23,false
1408,0,3480,0,Payment,6202.37,false
1383,0,3481,0,Payment,4761.25,false
1384,0,3481,0,Payment,19230.59,false
1398,0,3481,0,Payment,8371.76,false
1387,0,3482,0,Payment,4919.86,false
1392,0,3482,0,Payment,3144.73,false
1399,0,3482,0,Payment,4663.06,false
1400,0,3482,0,Payment,3129.93,false
1401,0,3482,0,Payment,5143.59,false
1366,0,3483,0,Payment,12567.92,false
1367,0,3483,0,Payment,8446.21,false
1381,0,3483,0,Payment,12687.72,false
1363,0,3484,0,Payment,13239.23,false
1370,0,3484,0,Payment,11741.22,false
1371,0,3484,0,Payment,8999.29,false
1394,0,3485,0,Payment,4985.65,false
1402,0,3485,0,Payment,3427.77,false
1388,0,3486,0,Payment,3516.73,false
1439,0,3487,0,Payment,28958.23,false
1379,0,3488,0,Payment,2542.62,false
1395,0,3488,0,Payment,3759.20,false
1404,0,3488,0,Payment,6269.30,false
1405,0,3488,0,Payment,6044.54,false
1410,0,3489,0,Payment,14762.79,false
1413,0,3489,0,Payment,7179.95,false
1431,0,3489,0,Payment,8160.11,false
1436,0,3489,0,Payment,9198.97,false
1411,0,3490,0,Payment,5388.42,false
1415,0,3490,0,Payment,7128.28,false
1416,0,3490,0,Payment,2427.33,false
1420,0,3490,0,Payment,5466.98,false
1427,0,3490,0,Payment,4761.80,false
1429,0,3490,0,Payment,11434.16,false
1432,0,3490,0,Payment,6085.61,false
1412,0,3491,0,Payment,5887.35,false
1417,0,3491,0,Payment,12551.11,false
1424,0,3491,0,Payment,6704.82,false
1430,0,3491,0,Payment,8710.09,false
1437,0,3491,0,Payment,7841.74,false
1421,0,3492,0,Payment,4780.04,false
1425,0,3492,0,Payment,4640.00,false
1433,0,3492,0,Payment,4000.58,false
1414,0,3493,0,Payment,3094.31,false
1422,0,3493,0,Payment,3092.82,false
1426,0,3493,0,Payment,4642.84,false
1418,0,3494,0,Payment,2572.88,false
1423,0,3494,0,Payment,3265.69,false
1409,0,3495,0,Payment,9629.44,false
1419,0,3496,0,Payment,4357.27,false
1434,0,3496,0,Payment,13929.37,false
1435,0,3496,0,Payment,13628.22,false
1440,0,3497,0,Payment,5338.36,false
1447,0,3497,0,Payment,9738.20,false
1452,0,3497,0,Payment,14595.17,false
1454,0,3497,0,Payment,4434.46,false
1455,0,3497,0,Payment,17558.21,false
1459,0,3497,0,Payment,10731.74,false
1453,0,3498,0,Payment,16671.21,false
1456,0,3498,0,Payment,10700.27,false
1457,0,3498,0,Payment,12581.31,false
1443,0,3499,0,Payment,4583.69,false
1445,0,3499,0,Payment,5167.94,false
1458,0,3499,0,Payment,7021.73,false
1428,0,3500,0,Payment,13382.40,false
1438,0,3500,0,Payment,12801.28,false
1441,0,3501,0,Payment,10905.93,false
1450,0,3502,0,Payment,4101.87,false
1442,0,3503,0,Payment,15915.19,false
1446,0,3504,0,Payment,1946.17,false
1451,0,3504,0,Payment,8232.52,false
1464,0,3505,0,Payment,3370.23,false
1465,0,3505,0,Payment,16914.92,false
1469,0,3505,0,Payment,12124.45,false
1462,0,3506,0,Payment,7902.80,false
1471,0,3506,0,Payment,7740.10,false
1472,0,3506,0,Payment,4668.33,false
1476,0,3506,0,Payment,8870.69,false
1477,0,3506,0,Payment,4478.78,false
1461,0,3507,0,Payment,19808.98,false
1463,0,3507,0,Payment,8016.42,false
1470,0,3508,0,Payment,3322.40,false
1473,0,3508,0,Payment,4115.03,false
1444,0,3509,0,Payment,12216.89,false
1448,0,3510,0,Payment,13629.66,false
1449,0,3510,0,Payment,19215.22,false
1467,0,3511,0,Payment,2736.78,false
1474,0,3511,0,Payment,4591.95,false
1479,0,3512,0,Payment,4728.89,false
1460,0,3513,0,Payment,8112.67,false
1500,0,3514,0,Payment,12369.89,false
1466,0,3515,0,Payment,4115.03,false
1468,0,3515,0,Payment,7100.95,false
1475,0,3515,0,Payment,6893.52,false
1481,0,3516,0,Payment,7849.27,false
1484,0,3516,0,Payment,8059.77,false
1490,0,3516,0,Payment,15667.77,false
1499,0,3516,0,Payment,10243.56,false
1501,0,3516,0,Payment,9021.99,false
1504,0,3516,0,Payment,6460.75,false
1505,0,3516,0,Payment,4413.46,false
1482,0,3517,0,Payment,12087.45,false
1491,0,3517,0,Payment,6239.16,false
1502,0,3517,0,Payment,6944.24,false
1506,0,3517,0,Payment,4037.30,false
1507,0,3517,0,Payment,6162.69,false
1487,0,3518,0,Payment,5236.96,false
1493,0,3518,0,Payment,4217.37,false
1503,0,3518,0,Payment,8240.51,false
1485,0,3519,0,Payment,6155.64,false
1492,0,3519,0,Payment,4492.78,false
1508,0,3519,0,Payment,5071.87,false
1509,0,3519,0,Payment,4312.03,false
1478,0,3520,0,Payment,14491.16,false
1480,0,3521,0,Payment,17819.46,false
1486,0,3521,0,Payment,13404.68,false
1483,0,3522,0,Payment,5626.67,false
1494,0,3523,0,Payment,3791.66,false
1498,0,3523,0,Payment,3684.41,false
1495,0,3524,0,Payment,17586.53,false
1489,0,3525,0,Payment,4934.87,false
1510,0,3525,0,Payment,10325.87,false
1513,0,3526,0,Payment,6565.70,false
1525,0,3526,0,Payment,11559.98,false
1530,0,3526,0,Payment,4510.94,false
1517,0,3527,0,Payment,10090.43,false
1519,0,3527,0,Payment,13545.88,false
1520,0,3527,0,Payment,6827.10,false
1522,0,3527,0,Payment,9968.94,false
1526,0,3527,0,Payment,7859.51,false
1531,0,3527,0,Payment,14393.05,false
1532,0,3527,0,Payment,6949.68,false
1516,0,3528,0,Payment,8453.94,false
1527,0,3528,0,Payment,8043.74,false
1496,0,3529,0,Payment,11597.71,false
1497,0,3529,0,Payment,11675.80,false
1488,0,3530,0,Payment,9557.86,false
1518,0,3531,0,Payment,5421.56,false
1523,0,3531,0,Payment,4136.21,false
1524,0,3532,0,Payment,2587.32,false
1521,0,3533,0,Payment,20697.64,false
1512,0,3534,0,Payment,8914.09,false
1545,0,3535,0,Payment,16751.50,false
1534,0,3536,0,Payment,14274.57,false
1536,0,3536,0,Payment,8263.95,false
1537,0,3536,0,Payment,12401.49,false
1542,0,3536,0,Payment,6220.37,false
1549,0,3536,0,Payment,15002.93,false
1550,0,3536,0,Payment,15263.20,false
1558,0,3536,0,Payment,5122.30,false
1543,0,3537,0,Payment,6292.23,false
1547,0,3537,0,Payment,6785.25,false
1554,0,3537,0,Payment,9380.56,false
1540,0,3538,0,Payment,6292.63,false
1555,0,3538,0,Payment,4371.01,false
1556,0,3538,0,Payment,24048.26,false
1535,0,3539,0,Payment,4604.23,false
1538,0,3539,0,Payment,6211.50,false
1541,0,3539,0,Payment,6184.84,false
1544,0,3539,0,Payment,7838.73,false
1557,0,3539,0,Payment,4869.22,false
1559,0,3539,0,Payment,3365.57,false
1514,0,3540,0,Payment,13251.91,false
1529,0,3540,0,Payment,17546.65,false
1533,0,3540,0,Payment,9523.17,false
1511,0,3541,0,Payment,21075.46,false
1515,0,3541,0,Payment,17748.75,false
1528,0,3541,0,Payment,12746.54,false
1548,0,3542,0,Payment,3691.31,false
1539,0,3543,0,Payment,3785.89,false
1551,0,3543,0,Payment,3428.38,false
1546,0,3544,0,Payment,11702.43,false
1552,0,3544,0,Payment,7772.51,false
1553,0,3544,0,Payment,6681.23,false
1560,0,3544,0,Payment,9972.66,false
1561,0,3544,0,Payment,6622.64,false
1563,0,3545,0,Payment,12734.14,false
1565,0,3545,0,Payment,7584.03,false
1566,0,3545,0,Payment,12774.77,false
1575,0,3545,0,Payment,5724.50,false
1581,0,3545,0,Payment,13435.88,false
1582,0,3545,0,Payment,13948.07,false
1567,0,3546,0,Payment,3710.73,false
1568,0,3546,0,Payment,4921.42,false
1574,0,3546,0,Payment,4149.92,false
1578,0,3546,0,Payment,3494.86,false
1579,0,3546,0,Payment,6285.80,false
1564,0,3547,0,Payment,5267.00,false
1577,0,3547,0,Payment,10648.88,false
1585,0,3547,0,Payment,5501.63,false
1573,0,3548,0,Payment,3777.68,false
1570,0,3549,0,Payment,4321.95,false
1580,0,3550,0,Payment,17463.40,false
1562,0,3551,0,Payment,8660.98,false
1596,0,3552,0,Payment,23265.69,false
1571,0,3553,0,Payment,6183.92,false
1583,0,3553,0,Payment,11220.48,false
1586,0,3553,0,Payment,13922.86,false
1599,0,3554,0,Payment,6486.21,false
1603,0,3554,0,Payment,9187.49,false
1605,0,3554,0,Payment,4207.84,false
1611,0,3554,0,Payment,18499.70,false
1598,0,3555,0,Payment,5047.96,false
1600,0,3555,0,Payment,24478.77,false
1601,0,3555,0,Payment,3091.43,false
1606,0,3555,0,Payment,5734.68,false
1608,0,3555,0,Payment,12207.65,false
1590,0,3556,0,Payment,5322.06,false
1612,0,3556,0,Payment,15825.91,false
1587,0,3557,0,Payment,5592.74,false
1588,0,3557,0,Payment,3221.14,false
1591,0,3557,0,Payment,4992.85,false
1607,0,3557,0,Payment,4978.81,false
1609,0,3557,0,Payment,7027.96,false
1610,0,3557,0,Payment,5717.07,false
1572,0,3558,0,Payment,13592.07,false
1584,0,3558,0,Payment,13141.83,false
1569,0,3559,0,Payment,9145.87,false
1576,0,3559,0,Payment,15031.35,false
1589,0,3560,0,Payment,4457.15,false
1602,0,3560,0,Payment,5600.21,false
1592,0,3561,0,Payment,3342.07,false
1604,0,3561,0,Payment,5086.40,false
1593,0,3562,0,Payment,11418.92,false
1597,0,3562,0,Payment,6023.34,false
1616,0,3563,0,Payment,5240.04,false
1624,0,3563,0,Payment,9007.54,false
1614,0,3564,0,Payment,8099.61,false
1617,0,3564,0,Payment,10236.18,false
1625,0,3564,0,Payment,8728.40,false
1629,0,3564,0,Payment,8218.37,false
1630,0,3565,0,Payment,9979.67,false
1631,0,3566,0,Payment,4207.18,false
1594,0,3567,0,Payment,15966.55,false
1595,0,3568,0,Payment,19285.47,false
1619,0,3569,0,Payment,4933.11,false
1623,0,3569,0,Payment,4152.82,false
1621,0,3570,0,Payment,12090.03,false
1613,0,3571,0,Payment,7045.23,false
1658,0,3572,0,Payment,27633.49,false
1615,0,3573,0,Payment,7460.74,false
1627,0,3573,0,Payment,9850.13,false
1628,0,3573,0,Payment,4732.55,false
1632,0,3574,0,Payment,10248.81,false
1636,0,3574,0,Payment,15851.96,false
1642,0,3574,0,Payment,5446.01,false
1648,0,3574,0,Payment,9863.65,false
1649,0,3574,0,Payment,13562.66,false
1650,0,3574,0,Payment,8901.26,false
1652,0,3574,0,Payment,16131.70,false
1654,0,3574,0,Payment,12864.50,false
1633,0,3575,0,Payment,6053.54,false
1647,0,3575,0,Payment,4983.69,false
1651,0,3575,0,Payment,10085.41,false
1655,0,3575,0,Payment,9485.26,false
1659,0,3575,0,Payment,12854.50,false
1663,0,3575,0,Payment,6322.69,false
1637,0,3576,0,Payment,18512.00,false
1656,0,3576,0,Payment,8087.66,false
1660,0,3576,0,Payment,7675.78,false
1661,0,3576,0,Payment,8475.75,false
1634,0,3577,0,Payment,7766.05,false
1643,0,3577,0,Payment,5576.11,false
1645,0,3577,0,Payment,6531.50,false
1653,0,3577,0,Payment,5589.25,false
1657,0,3577,0,Payment,4964.53,false
1620,0,3578,0,Payment,14524.81,false
1626,0,3578,0,Payment,16011.75,false
1618,0,3579,0,Payment,11814.93,false
1622,0,3579,0,Payment,15399.49,false
1638,0,3580,0,Payment,5236.40,false
1641,0,3581,0,Payment,4197.68,true
1644,0,3581,0,Payment,4399.38,true
1646,0,3581,0,Payment,3903.56,true
1695,0,3582,0,Payment,16958.18,false
1635,0,3583,0,Payment,12783.15,false
1662,0,3583,0,Payment,12484.00,false
1667,0,3584,0,Payment,12618.91,false
1680,0,3584,0,Payment,12744.48,false
1684,0,3584,0,Payment,5665.16,false
1666,0,3585,0,Payment,12169.58,false
1668,0,3585,0,Payment,11663.24,false
1669,0,3585,0,Payment,5172.09,false
1670,0,3585,0,Payment,10385.45,false
1677,0,3585,0,Payment,4221.67,false
1685,0,3585,0,Payment,7600.57,false
1690,0,3585,0,Payment,16775.75,false
1673,0,3586,0,Payment,7722.40,false
1678,0,3586,0,Payment,6760.42,false
1686,0,3586,0,Payment,13510.14,false
1691,0,3586,0,Payment,15901.68,false
1687,0,3587,0,Payment,6400.98,false
1688,0,3587,0,Payment,4841.76,false
1639,0,3588,0,Payment,17860.39,false
1640,0,3589,0,Payment,20527.88,false
1674,0,3590,0,Payment,3882.75,false
1675,0,3591,0,Payment,3175.90,false
1683,0,3591,0,Payment,4776.19,false
1682,0,3592,0,Payment,18551.06,false
1665,0,3593,0,Payment,7586.25,false
1676,0,3594,0,Payment,9433.24,false
1689,0,3594,0,Payment,18094.86,false
1692,0,3595,0,Payment,7872.79,false
1700,0,3595,0,Payment,11382.18,false
1701,0,3595,0,Payment,9308.56,false
1704,0,3595,0,Payment,12829.84,false
1709,0,3595,0,Payment,13609.13,false
1711,0,3595,0,Payment,8270.59,false
1712,0,3595,0,Payment,15029.19,false
1693,0,3596,0,Payment,14412.50,false
1697,0,3596,0,Payment,9286.58,false
1706,0,3596,0,Payment,6670.79,false
1710,0,3597,0,Payment,4211.05,false
1698,0,3598,0,Payment,5956.56,false
1702,0,3598,0,Payment,5171.68,false
1703,0,3598,0,Payment,5552.98,false
1714,0,3598,0,Payment,7542.42,false
1671,0,3599,0,Payment,15215.43,false
1672,0,3599,0,Payment,16176.98,false
1681,0,3599,0,Payment,14428.48,false
1664,0,3600,0,Payment,17838.79,false
1679,0,3600,0,Payment,13684.17,false
1705,0,3601,0,Payment,4574.76,false
1713,0,3601,0,Payment,5809.57,false
1694,0,3602,0,Payment,5902.65,false
1733,0,3603,0,Payment,24762.82,false
1696,0,3604,0,Payment,8268.05,false
1707,0,3604,0,Payment,8024.55,false
1708,0,3604,0,Payment,8770.94,false
1718,0,3605,0,Payment,7555.30,false
1720,0,3605,0,Payment,18780.63,false
1730,0,3605,0,Payment,10456.93,false
1731,0,3605,0,Payment,9405.41,false
1735,0,3605,0,Payment,9337.71,false
1719,0,3606,0,Payment,7201.56,false
1721,0,3606,0,Payment,9111.50,false
1724,0,3606,0,Payment,8485.15,false
1725,0,3606,0,Payment,9453.82,false
1726,0,3606,0,Payment,8982.70,false
1727,0,3606,0,Payment,6158.04,false
1723,0,3607,0,Payment,14831.41,false
1737,0,3607,0,Payment,13312.09,false
1742,0,3607,0,Payment,7423.81,false
1738,0,3608,0,Payment,5170.42,false
1739,0,3608,0,Payment,6946.94,false
1699,0,3609,0,Payment,22823.97,false
1741,0,3610,0,Payment,4280.76,false
1743,0,3610,0,Payment,5910.13,false
1729,0,3611,0,Payment,5658.59,false
1736,0,3611,0,Payment,3958.58,false
1717,0,3612,0,Payment,9354.98,false
1734,0,3613,0,Payment,11398.75,false
1744,0,3614,0,Payment,7807.37,false
1751,0,3614,0,Payment,14557.21,false
1753,0,3614,0,Payment,11989.47,false
1758,0,3614,0,Payment,5220.06,false
1760,0,3614,0,Payment,13516.23,false
1749,0,3615,0,Payment,9364.22,false
1754,0,3615,0,Payment,5478.19,false
1761,0,3615,0,Payment,22836.49,false
1765,0,3615,0,Payment,6676.77,false
1752,0,3616,0,Payment,14152.12,false
1755,0,3616,0,Payment,8378.97,false
1745,0,3617,0,Payment,7388.48,false
1746,0,3617,0,Payment,4654.25,false
1748,0,3617,0,Payment,6394.77,false
1750,0,3617,0,Payment,6093.49,false
1722,0,3618,0,Payment,18193.46,false
1728,0,3618,0,Payment,18373.13,false
1732,0,3618,0,Payment,14514.74,false
1715,0,3619,0,Payment,16088.60,false
1716,0,3619,0,Payment,12765.11,false
1740,0,3619,0,Payment,20610.85,false
1762,0,3620,0,Payment,4776.36,false
1763,0,3621,0,Payment,5555.93,false
1747,0,3622,0,Payment,10484.20,false
1756,0,3623,0,Payment,11748.83,false
1757,0,3623,0,Payment,8584.01,false
1759,0,3623,0,Payment,11450.72,false
1764,0,3623,0,Payment,16837.62,false
1770,0,3624,0,Payment,12856.88,false
1772,0,3624,0,Payment,9947.50,false
1779,0,3624,0,Payment,7369.42,false
1784,0,3624,0,Payment,11594.55,false
1789,0,3624,0,Payment,8305.51,false
1790,0,3624,0,Payment,11482.11,false
1798,0,3624,0,Payment,16264.36,false
1799,0,3624,0,Payment,11859.31,false
1774,0,3625,0,Payment,8628.96,false
1776,0,3625,0,Payment,8685.73,false
1777,0,3625,0,Payment,11131.47,false
1780,0,3625,0,Payment,7899.94,false
1781,0,3625,0,Payment,9056.49,false
1771,0,3626,0,Payment,3427.14,false
1773,0,3626,0,Payment,17520.02,false
1785,0,3626,0,Payment,16009.87,false
1793,0,3626,0,Payment,9376.18,false
1786,0,3627,0,Payment,6838.87,false
1791,0,3627,0,Payment,5485.45,false
1794,0,3627,0,Payment,5578.12,false
1796,0,3627,0,Payment,7322.26,false
1787,0,3628,0,Payment,7040.28,false
1795,0,3628,0,Payment,4640.03,false
1778,0,3629,0,Payment,4992.78,false
1788,0,3629,0,Payment,3678.17,false
1792,0,3629,0,Payment,6787.83,false
1769,0,3630,0,Payment,8238.85,false
1803,0,3631,0,Payment,22395.22,false
1782,0,3632,0,Payment,13709.27,false
1783,0,3632,0,Payment,8310.27,false
1805,0,3633,0,Payment,9337.11,false
1814,0,3633,0,Payment,13064.65,false
1801,0,3634,0,Payment,17976.00,false
1802,0,3634,0,Payment,8487.71,false
1806,0,3634,0,Payment,7852.83,false
1807,0,3634,0,Payment,20140.48,false
1816,0,3634,0,Payment,8307.13,false
1785,0,3635,0,Payment,10673.24,false
1809,0,3635,0,Payment,12297.93,false
1810,0,3636,0,Payment,7882.60,false
1811,0,3636,0,Payment,7159.71,false
1775,0,3637,0,Payment,19426.53,false
1797,0,3637,0,Payment,15016.53,false
1800,0,3637,0,Payment,20164.12,false
1766,0,3638,0,Payment,21846.96,false
1767,0,3638,0,Payment,18551.40,false
1768,0,3638,0,Payment,15501.81,false
1808,0,3639,0,Payment,7085.90,false
1812,0,3640,0,Payment,18088.39,false
1804,0,3641,0,Payment,9291.04,false
1813,0,3641,0,Payment,15592.71,false
1815,0,3641,0,Payment,13560.00,false
1827,0,3642,0,Payment,6595.98,false
1828,0,3642,0,Payment,14407.13,false
1839,0,3642,0,Payment,8794.87,false
1840,0,3642,0,Payment,11285.01,false
1844,0,3642,0,Payment,26779.63,false
1818,0,3643,0,Payment,10695.73,false
1821,0,3643,0,Payment,7632.23,false
1822,0,3643,0,Payment,21789.26,false
1829,0,3643,0,Payment,12632.41,false
1830,0,3643,0,Payment,10661.35,false
1833,0,3643,0,Payment,7024.28,false
1845,0,3643,0,Payment,16101.59,false
1846,0,3643,0,Payment,4095.54,false
1823,0,3644,0,Payment,19440.83,false
1831,0,3644,0,Payment,10380.14,false
1842,0,3644,0,Payment,30769.02,false
1834,0,3645,0,Payment,6417.23,false
1835,0,3646,0,Payment,4592.44,false
1841,0,3646,0,Payment,6349.86,false
1826,0,3647,0,Payment,6201.08,false
1847,0,3647,0,Payment,4398.90,false
1848,0,3648,0,Payment,12759.52,false
1817,0,3649,0,Payment,8669.57,false
1854,0,3650,0,Payment,18888.53,false
1836,0,3651,0,Payment,14976.61,false
1837,0,3651,0,Payment,11409.00,false
1838,0,3651,0,Payment,5349.55,false
1850,0,3652,0,Payment,17252.58,false
1853,0,3652,0,Payment,18841.44,false
1856,0,3652,0,Payment,9377.68,false
1858,0,3652,0,Payment,14621.04,false
1867,0,3652,0,Payment,8948.54,false
1862,0,3653,0,Payment,13213.32,false
1864,0,3653,0,Payment,18713.90,false
1859,0,3654,0,Payment,18134.18,false
1865,0,3654,0,Payment,4900.55,false
1851,0,3655,0,Payment,9363.21,false
1852,0,3655,0,Payment,4767.04,false
1860,0,3655,0,Payment,7474.47,false
1863,0,3655,0,Payment,9859.92,false
1866,0,3655,0,Payment,8880.94,false
1819,0,3656,0,Payment,20536.25,false
1824,0,3656,0,Payment,25026.09,false
1832,0,3656,0,Payment,17305.42,false
1820,0,3657,0,Payment,12833.05,false
1825,0,3657,0,Payment,23426.79,false
1843,0,3657,0,Payment,27576.25,false
1857,0,3658,0,Payment,5031.66,false
1849,0,3659,0,Payment,6872.02,false
1855,0,3660,0,Payment,16920.77,false
1861,0,3660,0,Payment,16973.11,false
1871,0,3661,0,Payment,8969.99,false
1874,0,3661,0,Payment,8969.49,false
1875,0,3661,0,Payment,20556.16,false
1878,0,3661,0,Payment,14049.71,false
1881,0,3661,0,Payment,12232.50,false
1884,0,3661,0,Payment,14716.76,false
1891,0,3661,0,Payment,18876.82,false
1869,0,3662,0,Payment,9117.43,false
1872,0,3662,0,Payment,10274.82,false
1876,0,3662,0,Payment,7777.84,false
1877,0,3662,0,Payment,4301.11,false
1882,0,3662,0,Payment,12732.69,false
1889,0,3662,0,Payment,18899.95,false
1885,0,3663,0,Payment,9127.71,false
1886,0,3663,0,Payment,8443.90,false
1887,0,3663,0,Payment,5555.30,false
1892,0,3664,0,Payment,3350.21,false
1868,0,3665,0,Payment,8419.65,false
1915,0,3666,0,Payment,12737.29,false
1890,0,3667,0,Payment,10574.09,false
1899,0,3668,0,Payment,11498.74,false
1904,0,3668,0,Payment,15779.73,false
1916,0,3668,0,Payment,5133.72,false
1905,0,3669,0,Payment,8696.70,false
1910,0,3669,0,Payment,13884.65,false
1913,0,3669,0,Payment,12012.01,false
1917,0,3669,0,Payment,5608.64,false
1896,0,3670,0,Payment,7977.99,false
1900,0,3670,0,Payment,22325.37,false
1912,0,3670,0,Payment,25951.05,false
1914,0,3670,0,Payment,14131.46,false
1918,0,3670,0,Payment,7193.39,false
1894,0,3671,0,Payment,6480.66,false
1901,0,3671,0,Payment,6556.97,false
1902,0,3671,0,Payment,8363.25,false
1873,0,3672,0,Payment,22439.51,false
1879,0,3672,0,Payment,24782.14,false
1888,0,3672,0,Payment,18169.13,false
1870,0,3673,0,Payment,15513.66,false
1880,0,3673,0,Payment,17357.07,false
1883,0,3673,0,Payment,25000.71,false
1897,0,3674,0,Payment,4966.19,false
1903,0,3674,0,Payment,6057.74,false
1906,0,3674,0,Payment,5728.84,false
1898,0,3675,0,Payment,6321.15,false
1907,0,3675,0,Payment,5565.06,false
1909,0,3676,0,Payment,10641.52,false
1943,0,3677,0,Payment,15297.91,false
1893,0,3678,0,Payment,14549.29,false
1895,0,3678,0,Payment,19143.40,false
1908,0,3678,0,Payment,15518.85,false
1911,0,3678,0,Payment,17014.43,false
1921,0,3679,0,Payment,11520.56,false
1922,0,3679,0,Payment,5558.67,false
1923,0,3679,0,Payment,19710.39,false
1926,0,3679,0,Payment,6258.29,false
1940,0,3679,0,Payment,14080.32,false
1944,0,3679,0,Payment,11817.22,false
1948,0,3679,0,Payment,12203.76,false
1924,0,3680,0,Payment,20464.09,false
1925,0,3680,0,Payment,8105.55,false
1929,0,3680,0,Payment,9291.25,false
1930,0,3680,0,Payment,6215.37,false
1934,0,3680,0,Payment,8651.21,false
1939,0,3680,0,Payment,19822.36,false
1945,0,3680,0,Payment,10372.98,false
1935,0,3681,0,Payment,17222.19,false
1941,0,3681,0,Payment,13822.84,false
1946,0,3682,0,Payment,8236.16,false
1949,0,3682,0,Payment,6324.38,false
1932,0,3683,0,Payment,4921.79,false
1942,0,3683,0,Payment,6525.23,false
1933,0,3684,0,Payment,7069.56,false
1938,0,3684,0,Payment,7412.47,false
1927,0,3685,0,Payment,12900.94,false
1920,0,3686,0,Payment,7721.98,false
1947,0,3687,0,Payment,9408.75,false
1950,0,3688,0,Payment,16208.12,false
1958,0,3688,0,Payment,12374.64,false
1968,0,3688,0,Payment,11736.85,false
1951,0,3689,0,Payment,5150.38,false
1956,0,3689,0,Payment,6197.43,false
1969,0,3689,0,Payment,14660.14,false
1952,0,3690,0,Payment,10399.10,false
1959,0,3690,0,Payment,11777.96,false
1960,0,3690,0,Payment,13618.91,false
1961,0,3691,0,Payment,8879.51,false
1963,0,3691,0,Payment,7260.80,false
1965,0,3691,0,Payment,4178.90,false
1967,0,3691,0,Payment,7341.58,false
1928,0,3692,0,Payment,22574.88,false
1936,0,3692,0,Payment,17984.26,false
1937,0,3692,0,Payment,19668.93,false
1919,0,3693,0,Payment,21380.74,false
1931,0,3693,0,Payment,11674.63,false
1953,0,3693,0,Payment,20818.78,false
1962,0,3694,0,Payment,6247.19,false
1955,0,3695,0,Payment,3571.92,false
1943,0,3696,0,Payment,10198.60,false
1990,0,3696,0,Payment,28225.68,false
1954,0,3697,0,Payment,22107.34,false
1957,0,3697,0,Payment,13018.18,false
1964,0,3697,0,Payment,19515.61,false
1966,0,3697,0,Payment,11273.74,false
1975,0,3698,0,Payment,11891.31,false
1980,0,3698,0,Payment,13607.19,false
1987,0,3698,0,Payment,11541.93,false
1989,0,3698,0,Payment,12488.03,false
1992,0,3698,0,Payment,8929.89,false
1976,0,3699,0,Payment,13780.71,false
1981,0,3699,0,Payment,15229.91,false
1984,0,3699,0,Payment,10571.01,false
1985,0,3699,0,Payment,6397.95,false
1988,0,3699,0,Payment,14553.49,false
1993,0,3699,0,Payment,7544.36,false
1972,0,3700,0,Payment,10715.19,false
1973,0,3700,0,Payment,20547.66,false
1994,0,3700,0,Payment,22148.34,false
1995,0,3700,0,Payment,9498.22,false
1986,0,3701,0,Payment,4329.72,false
1982,0,3702,0,Payment,5295.90,false
1983,0,3703,0,Payment,17125.15,false
1971,0,3704,0,Payment,6299.01,false
1974,0,3705,0,Payment,14298.25,false
1978,0,3705,0,Payment,17627.35,false
1991,0,3705,0,Payment,14267.84,false
2003,0,3706,0,Payment,9054.12,false
2005,0,3706,0,Payment,13184.11,false
2009,0,3706,0,Payment,18732.29,false
2010,0,3706,0,Payment,19483.36,false
2013,0,3706,0,Payment,16425.25,false
2000,0,3707,0,Payment,11495.33,false
2006,0,3707,0,Payment,6727.20,false
2018,0,3707,0,Payment,15505.30,false
2019,0,3707,0,Payment,6619.76,false
1973,0,3708,0,Payment,13698.44,false
2007,0,3708,0,Payment,10316.68,false
1996,0,3709,0,Payment,6775.88,false
1997,0,3709,0,Payment,8298.77,false
2011,0,3709,0,Payment,8599.49,false
2012,0,3709,0,Payment,4910.56,false
2014,0,3709,0,Payment,9581.25,false
2017,0,3709,0,Payment,9592.33,false
1977,0,3710,0,Payment,27151.69,false
1979,0,3710,0,Payment,27656.08,false
1998,0,3710,0,Payment,18143.99,false
1970,0,3711,0,Payment,24340.53,false
1999,0,3712,0,Payment,5875.69,false
2015,0,3712,0,Payment,8183.10,false
2002,0,3713,0,Payment,5869.43,false
2008,0,3713,0,Payment,6156.42,false
2016,0,3714,0,Payment,17657.95,false
2020,0,3714,0,Payment,20068.46,false
2025,0,3715,0,Payment,12079.63,false
2027,0,3715,0,Payment,14936.08,false
2029,0,3715,0,Payment,11874.31,false
2033,0,3715,0,Payment,20330.80,false
2034,0,3715,0,Payment,21892.39,false
2036,0,3715,0,Payment,22065.54,false
2046,0,3715,0,Payment,16517.63,false
2047,0,3715,0,Payment,7266.38,false
2022,0,3716,0,Payment,7518.63,false
2035,0,3716,0,Payment,13638.43,false
2039,0,3716,0,Payment,9586.61,false
2040,0,3716,0,Payment,19590.65,false
2041,0,3716,0,Payment,11019.01,false
2023,0,3717,0,Payment,8133.14,false
2028,0,3717,0,Payment,6387.63,false
2030,0,3717,0,Payment,31708.48,false
2043,0,3718,0,Payment,7935.60,false
2001,0,3719,0,Payment,23442.41,false
2004,0,3719,0,Payment,13665.53,false
2031,0,3720,0,Payment,5701.95,false
2044,0,3720,0,Payment,5185.44,false
2026,0,3721,0,Payment,6319.51,false
2042,0,3722,0,Payment,11434.06,false
2021,0,3723,0,Payment,8622.14,false
2057,0,3724,0,Payment,24712.74,false
2032,0,3725,0,Payment,15716.96,false
2045,0,3725,0,Payment,8189.18,false
2048,0,3725,0,Payment,7843.58,false
2049,0,3726,0,Payment,14218.43,false
2059,0,3726,0,Payment,8577.57,false
2018,0,3727,0,Payment,10336.87,false
2050,0,3727,0,Payment,10761.35,false
2063,0,3727,0,Payment,8059.59,false
2064,0,3727,0,Payment,15648.17,false
2065,0,3727,0,Payment,10033.65,false
2066,0,3727,0,Payment,9817.07,false
2053,0,3728,0,Payment,15604.23,false
2060,0,3728,0,Payment,10681.25,false
2051,0,3729,0,Payment,10406.08,false
2052,0,3729,0,Payment,8764.32,false
2061,0,3729,0,Payment,6005.56,false
2067,0,3729,0,Payment,6393.76,false
2071,0,3729,0,Payment,7436.86,false
2037,0,3730,0,Payment,17532.66,false
2024,0,3731,0,Payment,17743.69,false
2038,0,3731,0,Payment,30159.10,false
2058,0,3732,0,Payment,6971.60,false
2062,0,3733,0,Payment,6355.14,false
2068,0,3733,0,Payment,4694.95,false
2099,0,3734,0,Payment,25881.36,false
2069,0,3735,0,Payment,19194.86,false
2070,0,3735,0,Payment,24190.89,false
2088,0,3736,0,Payment,16006.84,false
2089,0,3736,0,Payment,10263.72,false
2090,0,3736,0,Payment,21840.14,false
2073,0,3737,0,Payment,7828.52,false
2076,0,3737,0,Payment,20149.45,false
2080,0,3737,0,Payment,12093.81,false
2081,0,3737,0,Payment,4860.49,false
2091,0,3737,0,Payment,7254.55,false
2077,0,3738,0,Payment,4545.63,false
2086,0,3738,0,Payment,29189.66,false
2092,0,3738,0,Payment,8676.32,false
2094,0,3738,0,Payment,14275.85,false
2087,0,3739,0,Payment,7444.30,false
2095,0,3739,0,Payment,6643.40,false
2054,0,3740,0,Payment,22569.21,false
2055,0,3740,0,Payment,22727.18,false
2056,0,3741,0,Payment,21226.56,false
2082,0,3742,0,Payment,6907.43,false
2083,0,3742,0,Payment,6171.51,false
2085,0,3742,0,Payment,5955.33,false
2084,0,3743,0,Payment,6546.94,false
2093,0,3744,0,Payment,19513.83,false
2072,0,3745,0,Payment,7915.45,false
2075,0,3746,0,Payment,8847.51,false
2096,0,3746,0,Payment,8375.60,false
2097,0,3747,0,Payment,6570.75,false
2100,0,3747,0,Payment,12658.69,false
2104,0,3747,0,Payment,14650.26,false
2110,0,3747,0,Payment,4571.62,false
2114,0,3747,0,Payment,10042.40,false
2119,0,3747,0,Payment,11083.97,false
2121,0,3747,0,Payment,11863.85,false
2076,0,3748,0,Payment,13432.96,false
2102,0,3748,0,Payment,8640.78,false
2107,0,3748,0,Payment,23349.23,false
2111,0,3748,0,Payment,11179.78,false
2115,0,3748,0,Payment,15352.85,false
2120,0,3748,0,Payment,13946.68,false
2112,0,3749,0,Payment,12300.14,false
2101,0,3750,0,Payment,8687.72,false
2113,0,3750,0,Payment,7836.00,false
2116,0,3750,0,Payment,9006.23,false
2117,0,3750,0,Payment,6402.49,false
2074,0,3751,0,Payment,18137.94,false
2098,0,3751,0,Payment,25598.04,false
2078,0,3752,0,Payment,20796.63,false
2079,0,3752,0,Payment,18649.62,false
2108,0,3753,0,Payment,6530.90,false
2118,0,3753,0,Payment,5040.77,false
2150,0,3754,0,Payment,19325.35,false
2105,0,3755,0,Payment,20160.79,false
2109,0,3755,0,Payment,19334.68,false
2122,0,3755,0,Payment,17817.43,false
2126,0,3756,0,Payment,12980.03,false
2127,0,3756,0,Payment,4631.79,false
2128,0,3756,0,Payment,12276.95,false
2129,0,3756,0,Payment,17008.85,false
2146,0,3756,0,Payment,16677.01,false
2125,0,3757,0,Payment,2679.25,false
2132,0,3757,0,Payment,14671.70,false
2135,0,3757,0,Payment,10864.55,false
2141,0,3757,0,Payment,12270.91,false
2147,0,3757,0,Payment,11533.15,false
2148,0,3757,0,Payment,20558.23,false
2136,0,3758,0,Payment,11528.77,false
2142,0,3758,0,Payment,20276.35,false
2137,0,3759,0,Payment,8737.20,false
2143,0,3759,0,Payment,7693.98,false
2106,0,3760,0,Payment,21482.77,false
2103,0,3761,0,Payment,24276.41,false
2131,0,3762,0,Payment,7129.53,false
2149,0,3762,0,Payment,5481.78,false
2133,0,3763,0,Payment,8306.24,false
2145,0,3764,0,Payment,14252.28,false
2123,0,3765,0,Payment,6802.66,false
2124,0,3766,0,Payment,17361.52,false
2134,0,3766,0,Payment,12644.72,false
2140,0,3766,0,Payment,12897.31,false
2146,0,3767,0,Payment,11118.01,false
2151,0,3767,0,Payment,3370.88,false
2152,0,3767,0,Payment,11817.98,false
2157,0,3767,0,Payment,14710.22,false
2161,0,3767,0,Payment,20503.89,false
2168,0,3767,0,Payment,15438.84,false
2158,0,3768,0,Payment,18656.85,false
2159,0,3768,0,Payment,8179.61,false
2162,0,3768,0,Payment,11462.45,false
2164,0,3768,0,Payment,19354.22,false
2153,0,3769,0,Payment,9119.52,false
2171,0,3769,0,Payment,15144.30,false
2172,0,3769,0,Payment,17161.28,false
2154,0,3770,0,Payment,9354.40,false
2156,0,3770,0,Payment,8027.95,false
2160,0,3770,0,Payment,8421.38,false
2173,0,3770,0,Payment,6244.93,false
2130,0,3771,0,Payment,21051.69,false
2138,0,3771,0,Payment,23105.62,false
2139,0,3772,0,Payment,17429.52,false
2144,0,3772,0,Payment,21343.82,false
2155,0,3772,0,Payment,27216.38,false
2169,0,3773,0,Payment,5737.05,false
2165,0,3774,0,Payment,7361.90,false
2170,0,3774,0,Payment,5683.21,false
2197,0,3775,0,Payment,13121.08,false
2166,0,3776,0,Payment,8200.94,false
2167,0,3776,0,Payment,13894.34,false
2175,0,3777,0,Payment,23458.20,false
2186,0,3777,0,Payment,22043.62,false
2190,0,3777,0,Payment,7151.87,false
2191,0,3777,0,Payment,11332.52,false
2193,0,3777,0,Payment,10516.73,false
2176,0,3778,0,Payment,10766.48,false
2177,0,3778,0,Payment,16676.39,false
2179,0,3778,0,Payment,14290.80,false
2183,0,3778,0,Payment,15992.32,false
2194,0,3778,0,Payment,13345.26,false
2180,0,3779,0,Payment,16583.93,false
2184,0,3779,0,Payment,20069.63,false
2187,0,3779,0,Payment,17325.59,false
2163,0,3780,0,Payment,23177.07,false
2178,0,3781,0,Payment,6970.87,false
2195,0,3781,0,Payment,5569.70,false
2196,0,3782,0,Payment,9091.29,false
2185,0,3783,0,Payment,18638.61,false
2174,0,3784,0,Payment,8347.08,false
2182,0,3785,0,Payment,12674.83,false
2189,0,3785,0,Payment,20348.55,false
2202,0,3786,0,Payment,16160.14,false
2204,0,3786,0,Payment,15954.77,false
2215,0,3786,0,Payment,12959.27,false
2219,0,3786,0,Payment,16059.11,false
2223,0,3786,0,Payment,11575.18,false
2164,0,3787,0,Payment,12902.81,false
2205,0,3787,0,Payment,6066.08,false
2209,0,3787,0,Payment,16571.37,false
2220,0,3787,0,Payment,15278.49,false
2222,0,3787,0,Payment,12055.38,false
2224,0,3787,0,Payment,11113.60,false
2200,0,3788,0,Payment,24059.15,false
2210,0,3788,0,Payment,9467.84,false
2201,0,3789,0,Payment,7646.12,false
2206,0,3789,0,Payment,9909.55,false
2211,0,3789,0,Payment,7012.52,false
2212,0,3789,0,Payment,9369.34,false
2214,0,3789,0,Payment,10171.52,false
2218,0,3789,0,Payment,7397.77,false
2188,0,3790,0,Payment,27672.43,false
2181,0,3791,0,Payment,25878.73,false
2192,0,3791,0,Payment,20877.99,false
2216,0,3792,0,Payment,5785.10,false
2213,0,3793,0,Payment,7763.18,false
2217,0,3793,0,Payment,6160.41,false
2198,0,3794,0,Payment,16489.85,false
2199,0,3794,0,Payment,16887.72,false
2221,0,3794,0,Payment,31423.04,false
2232,0,3795,0,Payment,5701.57,false
2233,0,3795,0,Payment,14296.21,false
2236,0,3795,0,Payment,19551.20,false
2237,0,3795,0,Payment,11960.74,false
2226,0,3796,0,Payment,15549.35,false
2238,0,3796,0,Payment,13940.56,false
2227,0,3797,0,Payment,16288.28,false
2228,0,3797,0,Payment,38324.25,false
2230,0,3797,0,Payment,9628.94,false
2239,0,3797,0,Payment,25988.56,false
2243,0,3798,0,Payment,7738.39,false
2203,0,3799,0,Payment,29885.98,false
2207,0,3799,0,Payment,19820.38,false
2208,0,3800,0,Payment,20722.53,false
2235,0,3801,0,Payment,6546.70,false
2242,0,3801,0,Payment,7094.08,false
2225,0,3802,0,Payment,8383.06,false
2257,0,3803,0,Payment,20816.33,false
2229,0,3804,0,Payment,11604.57,false
2244,0,3805,0,Payment,16375.62,false
2249,0,3805,0,Payment,9659.98,false
2250,0,3805,0,Payment,6730.32,false
2255,0,3805,0,Payment,14985.45,false
2258,0,3805,0,Payment,19364.54,false
2270,0,3805,0,Payment,12178.01,false
2253,0,3806,0,Payment,16427.54,false
2254,0,3806,0,Payment,25615.82,false
2259,0,3806,0,Payment,14608.73,false
2261,0,3806,0,Payment,15013.92,false
2264,0,3806,0,Payment,14651.28,false
2265,0,3806,0,Payment,10702.94,false
2273,0,3806,0,Payment,7392.86,false
2275,0,3806,0,Payment,18917.96,false
2274,0,3807,0,Payment,21208.99,false
2251,0,3808,0,Payment,9109.35,false
2252,0,3808,0,Payment,11802.60,false
2266,0,3808,0,Payment,10930.13,false
2267,0,3808,0,Payment,7613.57,false
2271,0,3808,0,Payment,6677.91,false
2234,0,3809,0,Payment,31453.19,false
2240,0,3809,0,Payment,19179.87,false
2231,0,3810,0,Payment,22137.87,false
2241,0,3810,0,Payment,22730.82,false
2268,0,3811,0,Payment,4493.22,false
2245,0,3812,0,Payment,5079.23,false
2263,0,3812,0,Payment,7985.25,false
2269,0,3812,0,Payment,8585.93,false
2246,0,3813,0,Payment,17076.23,false
2247,0,3814,0,Payment,23974.11,false
2248,0,3814,0,Payment,16485.93,false
2262,0,3814,0,Payment,15938.09,false
2272,0,3814,0,Payment,15148.89,false
2282,0,3815,0,Payment,13534.92,false
2286,0,3815,0,Payment,14457.20,false
2295,0,3815,0,Payment,21067.63,false
2298,0,3815,0,Payment,19293.17,false
2277,0,3816,0,Payment,11757.91,false
2279,0,3816,0,Payment,17049.37,false
2283,0,3816,0,Payment,11246.79,false
2284,0,3816,0,Payment,14279.30,false
2287,0,3817,0,Payment,26614.84,false
2288,0,3817,0,Payment,20812.25,false
2291,0,3817,0,Payment,10988.00,false
2296,0,3817,0,Payment,13779.56,false
2289,0,3818,0,Payment,6686.87,false
2260,0,3819,0,Payment,32816.44,false
2256,0,3820,0,Payment,26584.66,false
2297,0,3821,0,Payment,5696.27,false
2280,0,3822,0,Payment,7104.94,false
2285,0,3822,0,Payment,2711.08,false
2299,0,3822,0,Payment,8652.17,false
2290,0,3823,0,Payment,10318.12,false
2276,0,3824,0,Payment,8663.03,false
2307,0,3825,0,Payment,24770.56,false
2278,0,3826,0,Payment,18997.68,false
2302,0,3827,0,Payment,16264.26,false
2308,0,3827,0,Payment,14008.89,false
2309,0,3827,0,Payment,16600.46,false
2313,0,3827,0,Payment,4372.65,false
2314,0,3827,0,Payment,7309.27,false
2317,0,3827,0,Payment,10818.60,false
2279,0,3828,0,Payment,11366.25,false
2305,0,3828,0,Payment,14680.00,false
2310,0,3828,0,Payment,13647.44,false
2315,0,3828,0,Payment,9286.94,false
2319,0,3828,0,Payment,10234.63,false
2322,0,3828,0,Payment,11559.23,false
2326,0,3828,0,Payment,9574.79,false
2288,0,3829,0,Payment,13874.84,false
2325,0,3829,0,Payment,12026.17,false
2300,0,3830,0,Payment,10847.84,false
2306,0,3830,0,Payment,5512.58,false
2316,0,3830,0,Payment,9151.34,false
2320,0,3830,0,Payment,10066.49,false
2323,0,3830,0,Payment,10623.56,false
2292,0,3831,0,Payment,15411.66,false
2281,0,3832,0,Payment,25543.27,false
2293,0,3832,0,Payment,17558.47,false
2294,0,3832,0,Payment,27524.76,false
2321,0,3833,0,Payment,5198.49,false
2324,0,3833,0,Payment,6712.25,false
2262,0,3834,0,Payment,10625.40,false
2272,0,3834,0,Payment,10099.26,false
2301,0,3834,0,Payment,15464.58,false
2311,0,3834,0,Payment,17869.09,false
2312,0,3834,0,Payment,17801.11,false
2318,0,3834,0,Payment,10223.96,false
2333,0,3835,0,Payment,10536.47,false
2334,0,3835,0,Payment,9905.25,false
2342,0,3835,0,Payment,12052.58,false
2343,0,3835,0,Payment,18220.00,false
2345,0,3835,0,Payment,19964.09,false
2328,0,3836,0,Payment,12107.93,false
2331,0,3836,0,Payment,11160.66,false
2332,0,3836,0,Payment,8824.78,false
2340,0,3836,0,Payment,12893.46,false
2344,0,3836,0,Payment,6438.81,false
2329,0,3837,0,Payment,20775.99,false
2335,0,3837,0,Payment,19236.40,false
2346,0,3837,0,Payment,16766.85,false
2303,0,3838,0,Payment,30417.18,false
2304,0,3838,0,Payment,28916.09,false
2336,0,3839,0,Payment,7714.99,false
2337,0,3840,0,Payment,10766.50,false
2327,0,3841,0,Payment,8212.33,false
2375,0,3842,0,Payment,27651.12,false
2330,0,3843,0,Payment,17871.99,false
2338,0,3843,0,Payment,15131.79,false
2347,0,3843,0,Payment,7808.36,false
2354,0,3844,0,Payment,8257.11,false
2365,0,3844,0,Payment,18764.91,false
2368,0,3844,0,Payment,15294.08,false
2373,0,3844,0,Payment,17410.33,false
2374,0,3844,0,Payment,14582.24,false
2355,0,3845,0,Payment,11308.96,false
2358,0,3845,0,Payment,4648.01,false
2361,0,3845,0,Payment,2352.54,false
2366,0,3845,0,Payment,10127.43,false
2369,0,3845,0,Payment,23714.48,false
2363,0,3846,0,Payment,15627.82,false
2377,0,3846,0,Payment,29863.61,false
2348,0,3847,0,Payment,9879.26,false
2349,0,3847,0,Payment,3966.42,false
2351,0,3847,0,Payment,7314.38,false
2364,0,3847,0,Payment,8110.09,false
2370,0,3847,0,Payment,12066.78,false
2371,0,3847,0,Payment,9596.57,false
2339,0,3848,0,Payment,27617.23,false
2341,0,3849,0,Payment,10852.61,false
2350,0,3849,0,Payment,26464.04,false
2352,0,3849,0,Payment,23304.15,false
2353,0,3850,0,Payment,5719.21,false
2372,0,3850,0,Payment,7899.88,false
2356,0,3851,0,Payment,7322.15,false
2357,0,3851,0,Payment,6683.93,false
2360,0,3851,0,Payment,4541.95,false
2312,0,3852,0,Payment,11867.41,false
2367,0,3852,0,Payment,17322.97,false
2376,0,3852,0,Payment,21678.39,false
2383,0,3853,0,Payment,15629.58,false
2384,0,3853,0,Payment,7293.78,false
2391,0,3853,0,Payment,18219.38,false
2393,0,3853,0,Payment,7857.64,false
2395,0,3853,0,Payment,15044.38,false
2380,0,3854,0,Payment,15218.66,false
2385,0,3854,0,Payment,5352.49,false
2389,0,3854,0,Payment,8702.21,false
2390,0,3854,0,Payment,36187.42,false
2392,0,3854,0,Payment,7507.10,false
2405,0,3854,0,Payment,11046.87,false
2398,0,3855,0,Payment,8448.48,false
2401,0,3855,0,Payment,23506.19,false
2396,0,3856,0,Payment,6030.23,false
2359,0,3857,0,Payment,20451.21,false
2362,0,3857,0,Payment,32436.13,false
2397,0,3858,0,Payment,8776.88,false
2400,0,3858,0,Payment,5504.43,false
2404,0,3859,0,Payment,10365.77,false
2379,0,3860,0,Payment,8003.07,false
2426,0,3861,0,Payment,16638.25,false
2381,0,3862,0,Payment,18524.52,false
2382,0,3862,0,Payment,18773.66,false
2387,0,3862,0,Payment,14996.08,false
2388,0,3862,0,Payment,9388.21,false
2394,0,3862,0,Payment,11302.47,false
2406,0,3863,0,Payment,19421.38,false
2410,0,3863,0,Payment,14927.66,false
2421,0,3863,0,Payment,11884.39,false
2422,0,3863,0,Payment,26895.08,false
2427,0,3863,0,Payment,21073.01,false
2407,0,3864,0,Payment,9309.26,false
2415,0,3864,0,Payment,12317.11,false
2417,0,3864,0,Payment,19588.97,false
2423,0,3864,0,Payment,14334.92,false
2401,0,3865,0,Payment,15670.79,false
2412,0,3865,0,Payment,17518.65,false
2418,0,3865,0,Payment,14918.95,false
2428,0,3865,0,Payment,15011.16,false
2408,0,3866,0,Payment,7284.78,false
2411,0,3866,0,Payment,10082.27,false
2416,0,3866,0,Payment,9055.41,false
2419,0,3866,0,Payment,9942.25,false
2425,0,3866,0,Payment,10753.70,false
2378,0,3867,0,Payment,28539.95,false
2402,0,3867,0,Payment,20073.64,false
2403,0,3867,0,Payment,24667.06,false
2386,0,3868,0,Payment,30897.99,false
2399,0,3868,0,Payment,28277.68,false
2409,0,3868,0,Payment,15918.06,false
2413,0,3869,0,Payment,7072.14,false
2420,0,3870,0,Payment,8436.55,false
2424,0,3870,0,Payment,4386.08,false
2414,0,3871,0,Payment,21154.71,false
2456,0,3872,0,Payment,22730.92,false
2430,0,3873,0,Payment,21762.25,false
2435,0,3873,0,Payment,17699.41,false
2441,0,3873,0,Payment,5007.19,false
2443,0,3873,0,Payment,18786.17,false
2445,0,3873,0,Payment,11313.40,false
2431,0,3874,0,Payment,21352.57,false
2432,0,3874,0,Payment,16422.83,false
2436,0,3874,0,Payment,17322.40,false
2444,0,3874,0,Payment,15920.79,false
2446,0,3874,0,Payment,12808.37,false
2447,0,3874,0,Payment,11588.56,false
2451,0,3874,0,Payment,22644.33,false
2452,0,3874,0,Payment,7071.28,false
2433,0,3875,0,Payment,13853.20,false
2438,0,3875,0,Payment,27411.41,false
2453,0,3875,0,Payment,19712.04,false
2454,0,3876,0,Payment,7813.33,false
2442,0,3877,0,Payment,7665.66,false
2429,0,3878,0,Payment,8371.26,false
2440,0,3879,0,Payment,9059.18,false
2449,0,3879,0,Payment,28612.68,false
2450,0,3879,0,Payment,20811.37,false
2460,0,3880,0,Payment,25876.89,false
2466,0,3880,0,Payment,14935.27,false
2469,0,3880,0,Payment,15004.01,false
2473,0,3880,0,Payment,11201.95,false
2475,0,3880,0,Payment,13289.15,false
2457,0,3881,0,Payment,24651.86,false
2461,0,3881,0,Payment,3257.15,false
2453,0,3882,0,Payment,13141.36,false
2458,0,3882,0,Payment,26211.06,false
2470,0,3882,0,Payment,12470.68,false
2462,0,3883,0,Payment,7432.01,false
2463,0,3883,0,Payment,9471.45,false
2464,0,3883,0,Payment,5825.68,false
2471,0,3883,0,Payment,12801.37,false
2476,0,3883,0,Payment,11839.68,false
2479,0,3883,0,Payment,11105.13,false
2439,0,3884,0,Payment,22083.14,false
2434,0,3885,0,Payment,25967.96,false
2437,0,3885,0,Payment,34529.19,false
2448,0,3885,0,Payment,15243.73,false
2472,0,3886,0,Payment,5951.76,false
2477,0,3886,0,Payment,7887.50,false
2455,0,3887,0,Payment,3675.86,false
2474,0,3887,0,Payment,7762.37,false
2459,0,3888,0,Payment,17601.41,false
2508,0,3889,0,Payment,15968.48,false
2468,0,3890,0,Payment,15069.95,false
2478,0,3890,0,Payment,20440.57,false
2491,0,3891,0,Payment,21648.00,false
2494,0,3891,0,Payment,11372.98,false
2497,0,3891,0,Payment,7207.37,false
2503,0,3891,0,Payment,18139.99,false
2509,0,3891,0,Payment,23483.02,false
2482,0,3892,0,Payment,30258.03,false
2487,0,3892,0,Payment,15669.14,false
2488,0,3892,0,Payment,10573.78,false
2495,0,3892,0,Payment,24996.77,false
2504,0,3892,0,Payment,16388.45,false
2505,0,3892,0,Payment,5633.70,false
2483,0,3893,0,Payment,12440.31,false
2484,0,3893,0,Payment,14796.86,false
2492,0,3893,0,Payment,17958.74,false
2498,0,3894,0,Payment,5338.48,false
2501,0,3894,0,Payment,8183.34,false
2502,0,3894,0,Payment,11273.97,false
2510,0,3894,0,Payment,9697.95,false
2465,0,3895,0,Payment,21119.50,false
2467,0,3895,0,Payment,31582.21,false
2489,0,3896,0,Payment,8697.32,false
2507,0,3896,0,Payment,9231.10,false
2496,0,3897,0,Payment,6064.38,false
2511,0,3897,0,Payment,8964.47,false
2481,0,3898,0,Payment,7234.32,false
2490,0,3899,0,Payment,14958.40,false
2499,0,3899,0,Payment,27616.21,false
2500,0,3899,0,Payment,30674.82,false
2516,0,3900,0,Payment,21428.56,false
2519,0,3900,0,Payment,20673.39,false
2520,0,3900,0,Payment,15736.99,false
2524,0,3900,0,Payment,19888.55,false
2528,0,3900,0,Payment,9308.97,false
2512,0,3901,0,Payment,8948.32,false
2515,0,3901,0,Payment,5116.73,false
2525,0,3901,0,Payment,15302.11,false
2529,0,3901,0,Payment,14153.27,false
2492,0,3902,0,Payment,11972.49,false
2521,0,3902,0,Payment,11710.08,false
2530,0,3902,0,Payment,15928.46,false
2513,0,3903,0,Payment,11108.40,false
2517,0,3903,0,Payment,10923.95,false
2465,0,3904,0,Payment,14079.67,false
2480,0,3904,0,Payment,23168.19,false
2485,0,3904,0,Payment,27590.76,false
2506,0,3904,0,Payment,29820.33,false
2486,0,3905,0,Payment,28059.94,false
2493,0,3905,0,Payment,14380.35,false
2526,0,3906,0,Payment,6311.37,false
2522,0,3907,0,Payment,9010.18,false
2514,0,3908,0,Payment,21392.02,false
2523,0,3909,0,Payment,13090.29,false
2527,0,3909,0,Payment,6880.94,false
2532,0,3910,0,Payment,24306.45,false
2534,0,3910,0,Payment,23968.24,false
2535,0,3910,0,Payment,18000.02,false
2540,0,3910,0,Payment,10523.04,false
2542,0,3910,0,Payment,17106.19,false
2543,0,3911,0,Payment,5102.21,false
2551,0,3911,0,Payment,16541.24,false
2557,0,3911,0,Payment,10496.71,false
2533,0,3912,0,Payment,22891.89,false
2536,0,3912,0,Payment,4320.06,false
2552,0,3912,0,Payment,43367.30,false
2553,0,3912,0,Payment,18760.19,false
2547,0,3913,0,Payment,10811.82,false
2548,0,3913,0,Payment,7998.24,false
2554,0,3913,0,Payment,11818.79,false
2518,0,3914,0,Payment,30826.59,false
2545,0,3915,0,Payment,10066.91,false
2549,0,3915,0,Payment,6459.22,false
2550,0,3915,0,Payment,9661.60,false
2546,0,3916,0,Payment,9851.92,false
2558,0,3916,0,Payment,5721.88,false
2531,0,3917,0,Payment,7967.65,false
2572,0,3918,0,Payment,29806.96,false
2538,0,3919,0,Payment,21529.06,false
2556,0,3919,0,Payment,20463.89,false
2559,0,3919,0,Payment,18164.45,false
2542,0,3920,0,Payment,11404.13,false
2560,0,3920,0,Payment,15206.32,false
2561,0,3920,0,Payment,21495.90,false
2564,0,3920,0,Payment,16194.95,false
2570,0,3920,0,Payment,12473.62,false
2580,0,3920,0,Payment,10300.40,false
2563,0,3921,0,Payment,16124.73,false
2565,0,3921,0,Payment,31613.27,false
2566,0,3921,0,Payment,13959.86,false
2571,0,3921,0,Payment,16436.70,false
2574,0,3921,0,Payment,17593.03,false
2575,0,3921,0,Payment,17473.89,false
2576,0,3921,0,Payment,21195.42,false
2577,0,3922,0,Payment,18207.39,false
2567,0,3923,0,Payment,11800.36,false
2573,0,3923,0,Payment,8540.74,false
2579,0,3923,0,Payment,12219.67,false
2541,0,3924,0,Payment,33428.20,false
2544,0,3924,0,Payment,24325.56,false
2555,0,3924,0,Payment,32176.81,false
2537,0,3925,0,Payment,29059.46,false
2539,0,3925,0,Payment,24368.91,false
2562,0,3925,0,Payment,36619.75,false
2569,0,3926,0,Payment,10015.74,false
2568,0,3927,0,Payment,19779.11,false
2559,0,3928,0,Payment,12109.64,false
2578,0,3928,0,Payment,19267.54,false
2581,0,3928,0,Payment,11100.70,false
2588,0,3929,0,Payment,14622.70,false
2590,0,3929,0,Payment,17979.26,false
2594,0,3929,0,Payment,12753.51,false
2595,0,3929,0,Payment,23141.05,false
2597,0,3929,0,Payment,18187.28,false
2599,0,3929,0,Payment,8394.58,false
2585,0,3930,0,Payment,8420.81,false
2600,0,3930,0,Payment,14605.38,false
2586,0,3931,0,Payment,40323.34,false
2591,0,3931,0,Payment,28252.18,false
2598,0,3931,0,Payment,9724.89,false
2596,0,3932,0,Payment,7836.10,false
2601,0,3933,0,Payment,11844.29,false
2584,0,3934,0,Payment,9285.48,false
2609,0,3935,0,Payment,21658.47,false
2593,0,3936,0,Payment,13765.00,false
2597,0,3937,0,Payment,12124.86,false
2618,0,3937,0,Payment,18499.96,false
2620,0,3937,0,Payment,20929.49,false
2623,0,3937,0,Payment,28380.19,false
2630,0,3937,0,Payment,18399.72,false
2610,0,3938,0,Payment,15779.01,false
2614,0,3938,0,Payment,14024.72,false
2615,0,3938,0,Payment,9550.77,false
2619,0,3938,0,Payment,15014.48,false
2624,0,3938,0,Payment,21604.53,false
2626,0,3938,0,Payment,36220.21,false
2628,0,3938,0,Payment,17100.80,false
2631,0,3938,0,Payment,16909.36,false
2602,0,3939,0,Payment,14732.47,false
2611,0,3939,0,Payment,19659.39,false
2612,0,3940,0,Payment,12489.79,false
2621,0,3940,0,Payment,13774.36,false
2625,0,3940,0,Payment,7963.61,false
2627,0,3940,0,Payment,10083.99,false
2629,0,3940,0,Payment,12416.51,false
2632,0,3940,0,Payment,14507.00,false
2582,0,3941,0,Payment,41970.31,false
2587,0,3941,0,Payment,35151.91,false
2583,0,3942,0,Payment,22187.05,false
2589,0,3942,0,Payment,34412.95,false
2592,0,3942,0,Payment,21937.64,false
2605,0,3943,0,Payment,5714.83,false
2607,0,3943,0,Payment,9229.45,false
2608,0,3943,0,Payment,10050.68,false
2603,0,3944,0,Payment,4697.32,false
2616,0,3944,0,Payment,7261.23,false
2660,0,3945,0,Payment,15877.20,false
2604,0,3946,0,Payment,37394.98,false
2613,0,3946,0,Payment,15495.05,false
2617,0,3946,0,Payment,22064.84,false
2622,0,3946,0,Payment,16187.80,false
2635,0,3947,0,Payment,14202.43,false
2636,0,3947,0,Payment,7359.18,false
2637,0,3947,0,Payment,25913.14,false
2638,0,3947,0,Payment,17163.34,false
2649,0,3947,0,Payment,21040.70,false
2657,0,3947,0,Payment,21014.90,false
2661,0,3947,0,Payment,17217.54,false
2642,0,3948,0,Payment,40415.02,false
2643,0,3948,0,Payment,12173.21,false
2645,0,3948,0,Payment,9048.68,false
2650,0,3948,0,Payment,26081.55,false
2651,0,3948,0,Payment,17032.69,false
2652,0,3948,0,Payment,9838.43,false
2655,0,3948,0,Payment,16422.18,false
2646,0,3949,0,Payment,24240.65,false
2656,0,3950,0,Payment,8001.11,false
2662,0,3950,0,Payment,12379.08,false
2606,0,3951,0,Payment,28791.78,false
2648,0,3952,0,Payment,8240.26,false
2658,0,3952,0,Payment,7134.73,false
2639,0,3953,0,Payment,12787.81,false
2659,0,3953,0,Payment,4545.27,false
2634,0,3954,0,Payment,8087.46,false
2640,0,3955,0,Payment,21840.68,false
2641,0,3955,0,Payment,9458.73,false
2653,0,3955,0,Payment,22160.06,false
2672,0,3956,0,Payment,6909.53,false
2676,0,3956,0,Payment,21279.34,false
2680,0,3956,0,Payment,26084.34,false
2619,0,3957,0,Payment,10009.65,false
2663,0,3957,0,Payment,21481.05,false
2664,0,3957,0,Payment,15416.19,false
2677,0,3957,0,Payment,12454.96,false
2646,0,3958,0,Payment,16160.43,false
2665,0,3958,0,Payment,10932.00,false
2666,0,3958,0,Payment,15718.43,false
2679,0,3958,0,Payment,19799.27,false
2682,0,3958,0,Payment,16220.79,false
2667,0,3959,0,Payment,10140.94,false
2673,0,3959,0,Payment,6950.75,false
2675,0,3959,0,Payment,12652.02,false
2683,0,3959,0,Payment,11282.15,false
2633,0,3960,0,Payment,31046.24,false
2647,0,3960,0,Payment,29069.29,false
2592,0,3961,0,Payment,14625.10,false
2644,0,3961,0,Payment,35492.16,false
2654,0,3961,0,Payment,33081.26,false
2671,0,3962,0,Payment,9448.86,false
2670,0,3963,0,Payment,10161.66,false
2678,0,3964,0,Payment,19283.24,false
2660,0,3965,0,Payment,10584.80,false
2617,0,3966,0,Payment,14709.89,false
2622,0,3966,0,Payment,10791.87,false
2669,0,3966,0,Payment,21560.35,false
2681,0,3966,0,Payment,19430.05,false
2685,0,3967,0,Payment,16499.33,false
2688,0,3967,0,Payment,18910.41,false
2689,0,3967,0,Payment,15841.80,false
2691,0,3967,0,Payment,26862.62,false
2693,0,3967,0,Payment,18977.70,false
2694,0,3967,0,Payment,17537.01,false
2704,0,3967,0,Payment,15761.75,false
2707,0,3967,0,Payment,21399.97,false
2692,0,3968,0,Payment,11817.56,false
2698,0,3968,0,Payment,21532.76,false
2699,0,3968,0,Payment,13149.05,false
2700,0,3968,0,Payment,9474.18,false
2686,0,3969,0,Payment,24312.67,false
2690,0,3969,0,Payment,34060.41,false
2695,0,3969,0,Payment,19220.36,false
2701,0,3969,0,Payment,19484.38,false
2702,0,3970,0,Payment,15590.96,false
2708,0,3970,0,Payment,13360.77,false
2668,0,3971,0,Payment,23458.54,false
2674,0,3972,0,Payment,19189.10,false
2696,0,3973,0,Payment,10677.70,false
2697,0,3974,0,Payment,8887.93,false
2709,0,3975,0,Payment,19515.79,false
2684,0,3976,0,Payment,7028.80,false
2727,0,3977,0,Payment,16958.59,false
2706,0,3978,0,Payment,18393.37,false
2725,0,3979,0,Payment,13409.79,false
2729,0,3979,0,Payment,32279.38,false
2698,0,3980,0,Payment,14355.18,false
2710,0,3980,0,Payment,15276.13,false
2723,0,3980,0,Payment,10651.12,false
2726,0,3980,0,Payment,15434.41,false
2728,0,3980,0,Payment,10333.13,false
2732,0,3980,0,Payment,15166.77,false
2733,0,3980,0,Payment,9236.24,false
2721,0,3981,0,Payment,43712.98,false
2716,0,3982,0,Payment,11593.59,false
2718,0,3982,0,Payment,6192.43,false
2722,0,3982,0,Payment,10960.16,false
2724,0,3982,0,Payment,10099.26,false
2687,0,3983,0,Payment,42665.40,false
2705,0,3983,0,Payment,29034.78,false
2703,0,3984,0,Payment,17459.52,false
2711,0,3984,0,Payment,32899.11,false
2713,0,3984,0,Payment,29461.37,false
2712,0,3985,0,Payment,7517.64,false
2730,0,3985,0,Payment,9049.58,false
2720,0,3986,0,Payment,8589.25,false
2731,0,3986,0,Payment,6899.86,false
2747,0,3987,0,Payment,15874.34,false
2714,0,3988,0,Payment,17272.33,false
2715,0,3988,0,Payment,31223.48,false
2717,0,3988,0,Payment,30149.06,false
2734,0,3988,0,Payment,12626.86,false
2736,0,3989,0,Payment,24621.65,false
2755,0,3989,0,Payment,21232.72,false
2737,0,3990,0,Payment,18520.55,false
2745,0,3990,0,Payment,19794.78,false
2751,0,3990,0,Payment,20386.09,false
2752,0,3990,0,Payment,22658.74,false
2756,0,3990,0,Payment,11590.47,false
2738,0,3991,0,Payment,17499.62,false
2741,0,3991,0,Payment,23385.42,false
2742,0,3991,0,Payment,16115.73,false
2757,0,3991,0,Payment,20987.54,false
2753,0,3992,0,Payment,9235.67,false
2758,0,3992,0,Payment,11316.27,false
2759,0,3992,0,Payment,12715.62,false
2762,0,3992,0,Payment,9063.54,false
2719,0,3993,0,Payment,21629.35,false
2746,0,3994,0,Payment,9500.26,false
2748,0,3994,0,Payment,10226.57,false
2744,0,3995,0,Payment,6578.80,false
2761,0,3995,0,Payment,8625.46,false
2749,0,3996,0,Payment,21201.31,false
2735,0,3997,0,Payment,9791.46,false
2750,0,3998,0,Payment,15245.55,false
2754,0,3998,0,Payment,29892.22,false
2763,0,3998,0,Payment,20542.62,false
2755,0,3999,0,Payment,14155.15,false
2768,0,3999,0,Payment,24740.42,false
2774,0,3999,0,Payment,17239.50,false
2775,0,3999,0,Payment,19387.35,false
2776,0,3999,0,Payment,14986.57,false
2778,0,3999,0,Payment,13463.19,false
2780,0,3999,0,Payment,8444.01,false
2783,0,3999,0,Payment,23595.97,false
2785,0,3999,0,Payment,18549.11,false
2769,0,4000,0,Payment,34526.87,false
2772,0,4000,0,Payment,11149.91,false
2777,0,4000,0,Payment,17296.10,false
2779,0,4000,0,Payment,12421.32,false
2781,0,4000,0,Payment,10874.32,false
2764,0,4001,0,Payment,13984.84,false
2770,0,4002,0,Payment,11716.14,false
2784,0,4002,0,Payment,11174.49,false
2719,0,4003,0,Payment,14419.57,false
2739,0,4003,0,Payment,24753.20,false
2760,0,4003,0,Payment,32558.11,false
2740,0,4004,0,Payment,35422.31,false
2743,0,4004,0,Payment,23667.09,false
2765,0,4004,0,Payment,32932.68,false
2766,0,4005,0,Payment,6134.56,false
2767,0,4006,0,Payment,10039.28,false
2747,0,4007,0,Payment,10582.90,false
2807,0,4007,0,Payment,22287.80,false
2714,0,4008,0,Payment,11514.89,false
2773,0,4008,0,Payment,19703.04,false
2782,0,4008,0,Payment,16878.65,false
2787,0,4009,0,Payment,18541.56,false
2792,0,4009,0,Payment,12164.37,false
2800,0,4009,0,Payment,21988.50,false
2805,0,4009,0,Payment,15655.86,false
2788,0,4010,0,Payment,42012.70,false
2793,0,4010,0,Payment,15856.00,false
2794,0,4010,0,Payment,18263.05,false
2796,0,4010,0,Payment,14631.61,false
2801,0,4010,0,Payment,15413.11,false
2813,0,4010,0,Payment,15682.38,false
2806,0,4011,0,Payment,23643.70,false
2808,0,4011,0,Payment,24309.92,false
2810,0,4012,0,Payment,11603.67,false
2811,0,4012,0,Payment,8634.06,false
2812,0,4012,0,Payment,7358.39,false
2814,0,4012,0,Payment,13003.98,false
2771,0,4013,0,Payment,31112.20,false
2804,0,4014,0,Payment,10691.37,false
2795,0,4015,0,Payment,10742.65,false
2798,0,4016,0,Payment,9253.71,true
2786,0,4017,0,Payment,7828.36,false
2791,0,4018,0,Payment,18328.08,false
2799,0,4018,0,Payment,25559.28,false
2821,0,4019,0,Payment,15374.48,false
2824,0,4019,0,Payment,10032.61,false
2825,0,4019,0,Payment,16873.38,false
2826,0,4019,0,Payment,15955.12,false
2829,0,4019,0,Payment,8224.23,false
2830,0,4019,0,Payment,15757.88,false
2793,0,4020,0,Payment,10570.67,false
2815,0,4020,0,Payment,26099.64,false
2816,0,4020,0,Payment,18147.98,false
2817,0,4020,0,Payment,11893.99,false
2836,0,4020,0,Payment,16010.91,false
2819,0,4021,0,Payment,17512.68,false
2827,0,4021,0,Payment,17804.65,false
2831,0,4021,0,Payment,16804.13,false
2820,0,4022,0,Payment,15099.62,false
2834,0,4022,0,Payment,12258.11,false
2789,0,4023,0,Payment,21222.78,false
2802,0,4023,0,Payment,31378.37,false
2809,0,4023,0,Payment,21666.04,false
2790,0,4024,0,Payment,23205.01,false
2797,0,4024,0,Payment,24719.65,false
2803,0,4024,0,Payment,21630.94,false
2832,0,4025,0,Payment,8858.89,false
2833,0,4025,0,Payment,8832.80,false
2818,0,4026,0,Payment,8513.10,false
2828,0,4026,0,Payment,5561.21,false
2822,0,4027,0,Payment,25234.39,false
2823,0,4027,0,Payment,36256.96,false
2835,0,4027,0,Payment,11515.76,false
2840,0,4028,0,Payment,18771.77,false
2850,0,4028,0,Payment,16659.49,false
2852,0,4028,0,Payment,27232.18,false
2853,0,4028,0,Payment,15740.90,false
2838,0,4029,0,Payment,19369.09,false
2841,0,4029,0,Payment,30895.18,false
2842,0,4029,0,Payment,9713.92,false
2846,0,4029,0,Payment,16664.85,false
2856,0,4029,0,Payment,38424.02,false
2847,0,4030,0,Payment,7376.89,false
2854,0,4030,0,Payment,19826.26,false
2860,0,4030,0,Payment,8499.95,false
2855,0,4031,0,Payment,10676.95,false
2849,0,4032,0,Payment,10906.90,false
2845,0,4033,0,Payment,11626.74,false
2851,0,4033,0,Payment,5301.47,false
2858,0,4033,0,Payment,8441.96,false
2837,0,4034,0,Payment,8059.28,false
2878,0,4035,0,Payment,16110.02,false
2844,0,4036,0,Payment,23025.37,false
2859,0,4036,0,Payment,19550.80,false
2862,0,4036,0,Payment,20486.29,false
2821,0,4037,0,Payment,10249.66,false
2825,0,4037,0,Payment,11248.92,false
2830,0,4037,0,Payment,10505.26,false
2865,0,4037,0,Payment,26218.74,false
2866,0,4037,0,Payment,18002.30,false
2874,0,4037,0,Payment,19834.93,false
2875,0,4037,0,Payment,18422.76,false
2879,0,4037,0,Payment,4417.34,false
2886,0,4037,0,Payment,22895.87,false
2863,0,4038,0,Payment,15002.45,false
2872,0,4038,0,Payment,16530.39,false
2876,0,4038,0,Payment,15154.89,false
2880,0,4038,0,Payment,7466.38,false
2884,0,4038,0,Payment,13669.50,false
2867,0,4039,0,Payment,22352.82,false
2887,0,4039,0,Payment,17169.11,false
2870,0,4040,0,Payment,10476.53,false
2873,0,4040,0,Payment,11182.20,false
2881,0,4040,0,Payment,12907.30,false
2883,0,4040,0,Payment,7816.99,false
2885,0,4040,0,Payment,12821.67,false
2809,0,4041,0,Payment,14444.02,false
2843,0,4041,0,Payment,37801.22,false
2848,0,4041,0,Payment,30068.75,false
2861,0,4041,0,Payment,29488.43,false
2797,0,4042,0,Payment,16479.76,false
2803,0,4042,0,Payment,14420.62,false
2839,0,4042,0,Payment,36730.80,false
2857,0,4042,0,Payment,33222.85,false
2871,0,4043,0,Payment,8944.39,false
2877,0,4043,0,Payment,8150.57,false
2869,0,4044,0,Payment,10268.34,false
2862,0,4045,0,Payment,13657.53,false
2864,0,4045,0,Payment,16877.79,false
2882,0,4045,0,Payment,23370.23,false
2889,0,4046,0,Payment,19775.96,false
2890,0,4046,0,Payment,20231.87,false
2891,0,4046,0,Payment,22403.52,false
2894,0,4046,0,Payment,9959.73,false
2896,0,4046,0,Payment,17517.95,false
2905,0,4046,0,Payment,20574.09,false
2916,0,4046,0,Payment,22737.26,false
2895,0,4047,0,Payment,13873.52,false
2900,0,4047,0,Payment,8150.57,false
2901,0,4047,0,Payment,5999.97,false
2906,0,4048,0,Payment,44374.07,false
2908,0,4048,0,Payment,8488.63,false
2909,0,4048,0,Payment,10785.47,false
2910,0,4048,0,Payment,14588.83,false
2868,0,4049,0,Payment,22587.44,false
2897,0,4050,0,Payment,7570.09,false
2904,0,4050,0,Payment,10534.93,false
2914,0,4050,0,Payment,9457.17,false
2893,0,4051,0,Payment,11527.21,false
2899,0,4051,0,Payment,5387.51,false
2913,0,4051,0,Payment,10100.40,false
2888,0,4052,0,Payment,9218.55,false
2929,0,4053,0,Payment,24522.03,false
2907,0,4054,0,Payment,20077.57,false
2915,0,4054,0,Payment,29336.83,false
2917,0,4054,0,Payment,29018.85,false
2918,0,4054,0,Payment,26742.61,false
2924,0,4055,0,Payment,10384.31,false
2926,0,4055,0,Payment,15764.27,false
2930,0,4055,0,Payment,22972.43,false
2919,0,4056,0,Payment,25357.76,false
2920,0,4056,0,Payment,13195.34,false
2921,0,4056,0,Payment,19029.98,false
2927,0,4056,0,Payment,25104.86,false
2931,0,4056,0,Payment,17001.00,false
2933,0,4056,0,Payment,19304.40,false
2934,0,4056,0,Payment,17586.16,false
2867,0,4057,0,Payment,14901.88,false
2935,0,4057,0,Payment,21022.13,false
2923,0,4058,0,Payment,12498.67,false
2925,0,4058,0,Payment,12784.92,false
2928,0,4058,0,Payment,14899.09,false
2936,0,4058,0,Payment,12259.94,false
2937,0,4058,0,Payment,10580.82,false
2938,0,4058,0,Payment,7554.96,false
2902,0,4059,0,Payment,33984.49,false
2903,0,4059,0,Payment,38995.03,false
2911,0,4059,0,Payment,27956.21,false
2892,0,4060,0,Payment,32811.47,false
2898,0,4060,0,Payment,36773.54,false
2912,0,4060,0,Payment,21917.79,false
2932,0,4061,0,Payment,8849.99,false
2922,0,4062,0,Payment,20800.96,false
2941,0,4063,0,Payment,18949.57,false
2943,0,4063,0,Payment,22991.95,false
2944,0,4063,0,Payment,15097.21,false
2957,0,4063,0,Payment,7753.04,false
2945,0,4064,0,Payment,29179.41,false
2946,0,4064,0,Payment,21360.81,false
2947,0,4064,0,Payment,10687.42,false
2948,0,4064,0,Payment,6363.45,false
2951,0,4064,0,Payment,28458.72,false
2954,0,4064,0,Payment,19814.63,false
2942,0,4065,0,Payment,24260.02,false
2958,0,4066,0,Payment,13905.09,false
2953,0,4067,0,Payment,9785.64,false
2955,0,4067,0,Payment,9787.49,false
2940,0,4068,0,Payment,7537.58,false
2974,0,4069,0,Payment,23221.10,false
2949,0,4070,0,Payment,21754.88,false
2950,0,4070,0,Payment,18887.07,false
2959,0,4070,0,Payment,25618.07,false
2926,0,4071,0,Payment,10509.51,false
2941,0,4071,0,Payment,12633.05,false
2943,0,4071,0,Payment,15327.97,false
2966,0,4071,0,Payment,18706.88,false
2973,0,4071,0,Payment,13177.44,false
2975,0,4071,0,Payment,21606.70,false
2978,0,4071,0,Payment,15502.03,false
2979,0,4071,0,Payment,25265.74,false
2982,0,4071,0,Payment,18064.64,false
2927,0,4072,0,Payment,16736.58,false
2962,0,4072,0,Payment,12850.03,false
2970,0,4072,0,Payment,12782.69,false
2985,0,4072,0,Payment,20367.33,false
2986,0,4072,0,Payment,12635.11,false
2935,0,4073,0,Payment,14014.75,false
2942,0,4073,0,Payment,16173.34,false
2971,0,4073,0,Payment,17942.16,false
2976,0,4073,0,Payment,15887.65,false
2983,0,4073,0,Payment,33575.04,false
2987,0,4073,0,Payment,13814.43,false
2963,0,4074,0,Payment,9270.22,false
2968,0,4074,0,Payment,15974.51,false
2980,0,4074,0,Payment,7586.69,false
2988,0,4074,0,Payment,13908.46,false
2989,0,4074,0,Payment,15478.97,false
2952,0,4075,0,Payment,44877.77,false
2956,0,4075,0,Payment,26309.08,false
2939,0,4076,0,Payment,37191.04,false
2964,0,4076,0,Payment,39104.69,false
2965,0,4076,0,Payment,20897.56,false
2977,0,4077,0,Payment,6755.59,false
2960,0,4078,0,Payment,8539.97,false
2967,0,4078,0,Payment,10734.30,false
2969,0,4078,0,Payment,6113.36,false
2981,0,4079,0,Payment,20832.26,false
2961,0,4080,0,Payment,20181.31,false
2984,0,4080,0,Payment,22123.61,false
2992,0,4081,0,Payment,18796.77,false
2997,0,4081,0,Payment,20645.25,false
3004,0,4081,0,Payment,18132.92,false
3005,0,4081,0,Payment,10569.54,false
3014,0,4081,0,Payment,12734.54,false
3015,0,4081,0,Payment,24948.52,false
3017,0,4081,0,Payment,23299.25,false
2991,0,4082,0,Payment,27372.52,false
2993,0,4082,0,Payment,18570.32,false
3002,0,4082,0,Payment,21406.83,false
3006,0,4082,0,Payment,10793.08,false
3007,0,4082,0,Payment,12422.65,false
3010,0,4082,0,Payment,17448.94,false
2994,0,4083,0,Payment,11704.04,false
3003,0,4083,0,Payment,52050.27,false
3011,0,4084,0,Payment,12821.72,false
3012,0,4084,0,Payment,9488.94,false
3016,0,4084,0,Payment,15955.19,false
3018,0,4084,0,Payment,12229.36,false
3019,0,4084,0,Payment,8256.74,false
2972,0,4085,0,Payment,41045.76,false
3000,0,4086,0,Payment,7522.05,false
2999,0,4087,0,Payment,8359.41,false
3001,0,4087,0,Payment,8526.07,false
3013,0,4087,0,Payment,4903.95,false
3009,0,4088,0,Payment,15168.54,false
2990,0,4089,0,Payment,8198.26,false
3027,0,4090,0,Payment,23720.34,false
2975,0,4091,0,Payment,14404.47,true
3020,0,4091,0,Payment,15598.98,true
3025,0,4091,0,Payment,15795.05,true
3037,0,4091,0,Payment,29634.64,true
2991,0,4092,0,Payment,18248.35,false
3021,0,4092,0,Payment,17818.36,false
3026,0,4092,0,Payment,15169.28,false
3035,0,4092,0,Payment,9742.00,false
3038,0,4092,0,Payment,15088.69,false
2976,0,4093,0,Payment,10591.77,false
3029,0,4093,0,Payment,26324.83,false
3033,0,4093,0,Payment,22548.47,false
3036,0,4093,0,Payment,15429.00,false
3039,0,4094,0,Payment,12584.07,false
2995,0,4095,0,Payment,43677.59,false
2998,0,4095,0,Payment,28353.05,false
3022,0,4095,0,Payment,32878.59,false
2996,0,4096,0,Payment,21718.84,false
3008,0,4096,0,Payment,34234.98,false
3030,0,4097,0,Payment,6376.88,false
3031,0,4097,0,Payment,7092.09,false
3058,0,4098,0,Payment,25838.54,false
2961,0,4099,0,Payment,13454.20,false
2984,0,4099,0,Payment,14749.08,false
3023,0,4099,0,Payment,24589.96,false
3028,0,4099,0,Payment,11504.77,false
3032,0,4099,0,Payment,21665.11,false
3034,0,4099,0,Payment,23705.68,false
3040,0,4099,0,Payment,21038.73,false
3042,0,4100,0,Payment,16288.44,false
3043,0,4100,0,Payment,10692.73,false
3050,0,4100,0,Payment,15335.31,false
3054,0,4100,0,Payment,11505.15,false
3046,0,4101,0,Payment,12370.41,false
3047,0,4101,0,Payment,22618.38,false
3052,0,4101,0,Payment,7738.64,false
3055,0,4101,0,Payment,7572.58,false
3048,0,4102,0,Payment,19602.31,false
3053,0,4102,0,Payment,36677.92,false
3051,0,4103,0,Payment,9661.01,false
3056,0,4103,0,Payment,11355.19,false
3024,0,4104,0,Payment,33166.90,false
3049,0,4105,0,Payment,2980.86,false
3057,0,4106,0,Payment,2204.43,false
3041,0,4107,0,Payment,7372.07,false
3044,0,4108,0,Payment,16809.03,false
3045,0,4108,0,Payment,21674.66,false
3059,0,4108,0,Payment,23313.27,false
3062,0,4109,0,Payment,17091.09,false
3071,0,4109,0,Payment,15878.76,false
3077,0,4109,0,Payment,9913.43,false
3083,0,4109,0,Payment,19180.88,false
3087,0,4109,0,Payment,18949.26,false
3089,0,4109,0,Payment,24749.66,false
3060,0,4110,0,Payment,5386.10,false
3067,0,4110,0,Payment,28266.68,false
3074,0,4110,0,Payment,8639.00,false
3078,0,4110,0,Payment,12472.32,false
3085,0,4110,0,Payment,15140.30,false
3086,0,4110,0,Payment,13128.68,false
3036,0,4111,0,Payment,10286.00,false
3068,0,4111,0,Payment,16341.69,false
3069,0,4111,0,Payment,10411.83,false
3079,0,4111,0,Payment,19725.22,false
3061,0,4112,0,Payment,9803.12,false
3080,0,4112,0,Payment,9946.77,false
3090,0,4112,0,Payment,6795.54,false
3091,0,4112,0,Payment,8719.53,false
3063,0,4113,0,Payment,29953.08,false
3064,0,4114,0,Payment,25398.07,false
3065,0,4115,0,Payment,3292.61,false
3084,0,4115,0,Payment,2566.35,false
3076,0,4116,0,Payment,3726.89,false
3082,0,4116,0,Payment,4340.47,false
3073,0,4117,0,Payment,11651.45,false
3066,0,4118,0,Payment,14991.79,false
3088,0,4118,0,Payment,15274.62,false
3103,0,4119,0,Payment,3786.17,false
3104,0,4119,0,Payment,8929.65,false
3105,0,4119,0,Payment,6693.76,false
3115,0,4119,0,Payment,12017.16,false
3093,0,4120,0,Payment,2192.38,false
3094,0,4120,0,Payment,8807.42,false
3097,0,4120,0,Payment,15809.57,false
3100,0,4120,0,Payment,3788.81,false
3102,0,4120,0,Payment,10074.33,false
3107,0,4120,0,Payment,4792.30,false
3110,0,4120,0,Payment,2375.51,false
3116,0,4120,0,Payment,8293.13,false
3101,0,4121,0,Payment,12711.75,false
3106,0,4121,0,Payment,10632.08,false
3108,0,4121,0,Payment,3780.92,false
3075,0,4122,0,Payment,33085.85,false
3081,0,4122,0,Payment,26456.33,false
3070,0,4123,0,Payment,27760.52,false
3072,0,4123,0,Payment,18960.38,false
3114,0,4124,0,Payment,521.66,false
3098,0,4125,0,Payment,546.13,false
3109,0,4126,0,Payment,15500.49,false
3092,0,4127,0,Payment,8398.26,false
3128,0,4128,0,Payment,17058.96,false
3096,0,4129,0,Payment,6027.99,false
3112,0,4129,0,Payment,9324.11,false
3113,0,4129,0,Payment,7036.16,false
3117,0,4129,0,Payment,10568.92,false
3121,0,4130,0,Payment,6935.33,false
3125,0,4130,0,Payment,8592.93,false
3133,0,4130,0,Payment,8038.00,false
3134,0,4130,0,Payment,6733.26,false
3139,0,4130,0,Payment,6193.09,false
3140,0,4130,0,Payment,6164.37,false
3135,0,4131,0,Payment,9804.83,false
3141,0,4131,0,Payment,3168.98,false
3118,0,4132,0,Payment,12461.98,false
3136,0,4132,0,Payment,6233.82,false
3123,0,4133,0,Payment,4650.39,false
3127,0,4133,0,Payment,3792.78,false
3129,0,4133,0,Payment,5589.55,false
3130,0,4133,0,Payment,3012.07,false
3137,0,4133,0,Payment,4880.76,false
3142,0,4133,0,Payment,4801.45,false
3099,0,4134,0,Payment,16022.19,false
3111,0,4134,0,Payment,13120.01,false
3119,0,4134,0,Payment,10474.03,false
3095,0,4135,0,Payment,8361.24,false
3120,0,4135,0,Payment,12639.20,false
3122,0,4135,0,Payment,12828.58,false
3131,0,4136,0,Payment,944.68,false
3132,0,4136,0,Payment,817.83,false
3124,0,4137,0,Payment,703.53,false
3126,0,4137,0,Payment,720.28,false
3138,0,4138,0,Payment,9963.77,false
3145,0,4139,0,Payment,1592.67,false
3147,0,4139,0,Payment,1516.00,false
3148,0,4139,0,Payment,1435.61,false
3153,0,4139,0,Payment,1963.83,false
3154,0,4139,0,Payment,1874.65,false
3156,0,4139,0,Payment,1447.01,false
3159,0,4139,0,Payment,1653.61,false
3150,0,4140,0,Payment,2159.59,false
3155,0,4140,0,Payment,953.66,false
3157,0,4140,0,Payment,3190.76,false
3164,0,4140,0,Payment,2899.14,false
3160,0,4141,0,Payment,680.92,false
3161,0,4141,0,Payment,1154.27,false
3167,0,4141,0,Payment,807.65,false
3166,0,4142,0,Payment,654.85,false
3168,0,4142,0,Payment,1135.49,false
3149,0,4143,0,Payment,11415.13,false
3144,0,4144,0,Payment,6747.65,false
3184,0,4145,0,Payment,27334.94,false
3146,0,4146,0,Payment,1030.06,false
3163,0,4146,0,Payment,2018.76,false
3180,0,4147,0,Payment,839.60,false
3181,0,4147,0,Payment,3429.32,false
3172,0,4148,0,Payment,2887.45,false
3175,0,4148,0,Payment,2417.36,false
3179,0,4148,0,Payment,2007.35,false
3183,0,4148,0,Payment,2106.43,false
3169,0,4149,0,Payment,4016.36,false
3174,0,4149,0,Payment,1082.43,false
3177,0,4149,0,Payment,1323.99,false
3170,0,4150,0,Payment,676.09,false
3173,0,4150,0,Payment,1264.13,false
3176,0,4150,0,Payment,1199.00,false
3182,0,4150,0,Payment,916.10,false
3185,0,4150,0,Payment,651.34,false
3186,0,4150,0,Payment,1085.48,false
3151,0,4151,0,Payment,1797.00,false
3152,0,4151,0,Payment,1907.24,false
3165,0,4151,0,Payment,3009.35,false
3143,0,4152,0,Payment,2616.69,false
3158,0,4152,0,Payment,3451.92,false
3162,0,4152,0,Payment,3538.65,false
3171,0,4153,0,Payment,867.99,false
3210,0,4154,0,Payment,15699.86,false
3178,0,4155,0,Payment,3917.50,false
3187,0,4155,0,Payment,2555.91,false
3189,0,4156,0,Payment,1949.21,false
3191,0,4156,0,Payment,2539.93,false
3197,0,4156,0,Payment,6372.06,false
3199,0,4156,0,Payment,2859.48,false
3203,0,4156,0,Payment,3468.18,false
3193,0,4157,0,Payment,2420.39,false
3198,0,4157,0,Payment,2486.02,false
3204,0,4157,0,Payment,2188.43,false
3201,0,4158,0,Payment,1547.94,false
3207,0,4159,0,Payment,1345.87,false
3205,0,4160,0,Payment,285.66,false
3194,0,4161,0,Payment,16685.81,false
3188,0,4162,0,Payment,11220.89,false
3195,0,4163,0,Payment,4745.50,false
3200,0,4163,0,Payment,1777.28,false
3206,0,4163,0,Payment,1871.95,false
3208,0,4163,0,Payment,1719.68,false
3223,0,4164,0,Payment,1725.48,false
3234,0,4164,0,Payment,1247.13,false
3209,0,4165,0,Payment,3231.42,false
3220,0,4165,0,Payment,1222.22,false
3224,0,4165,0,Payment,1108.52,false
3225,0,4165,0,Payment,960.15,false
3228,0,4165,0,Payment,2249.15,false
3229,0,4165,0,Payment,863.57,false
3232,0,4165,0,Payment,1749.66,false
3212,0,4166,0,Payment,1158.23,false
3216,0,4166,0,Payment,3742.95,false
3218,0,4166,0,Payment,1119.42,false
3226,0,4166,0,Payment,3731.67,false
3213,0,4167,0,Payment,797.86,false
3222,0,4167,0,Payment,1144.10,false
3227,0,4167,0,Payment,1112.45,false
3230,0,4167,0,Payment,1482.12,false
3233,0,4167,0,Payment,874.00,false
3190,0,4168,0,Payment,4246.05,false
3202,0,4168,0,Payment,3137.50,false
3214,0,4168,0,Payment,2426.55,false
3192,0,4169,0,Payment,2451.07,false
3196,0,4169,0,Payment,4140.55,false
3221,0,4170,0,Payment,560.92,false
3231,0,4170,0,Payment,964.65,false
3215,0,4171,0,Payment,885.58,false
3219,0,4171,0,Payment,1152.42,false
3262,0,4172,0,Payment,13190.77,false
3211,0,4173,0,Payment,4103.50,false
3238,0,4174,0,Payment,2406.68,false
3242,0,4174,0,Payment,6303.86,false
3243,0,4174,0,Payment,759.78,false
3252,0,4174,0,Payment,2286.16,false
3237,0,4175,0,Payment,1279.63,false
3240,0,4175,0,Payment,938.63,false
3248,0,4175,0,Payment,1140.67,false
3253,0,4175,0,Payment,1758.68,false
3258,0,4175,0,Payment,1038.05,false
3254,0,4176,0,Payment,7149.85,false
3245,0,4177,0,Payment,1725.65,false
3249,0,4177,0,Payment,1269.78,false
3250,0,4177,0,Payment,833.46,false
3255,0,4177,0,Payment,376.53,false
3217,0,4178,0,Payment,3074.76,false
3251,0,4179,0,Payment,631.68,false
3257,0,4179,0,Payment,1140.25,false
3259,0,4180,0,Payment,919.45,false
3239,0,4181,0,Payment,21892.10,false
3236,0,4182,0,Payment,7714.17,false
3241,0,4183,0,Payment,1600.02,false
3247,0,4183,0,Payment,2805.81,false
3260,0,4184,0,Payment,2814.70,false
3266,0,4184,0,Payment,3854.57,false
3267,0,4184,0,Payment,1859.12,false
3275,0,4184,0,Payment,1245.38,false
3276,0,4184,0,Payment,1524.44,false
3263,0,4185,0,Payment,2639.75,false
3268,0,4185,0,Payment,1058.80,false
3277,0,4185,0,Payment,3448.99,false
3272,0,4186,0,Payment,4203.70,false
3278,0,4186,0,Payment,1133.31,false
3269,0,4187,0,Payment,1264.35,false
3280,0,4187,0,Payment,1444.66,false
3246,0,4188,0,Payment,3580.52,false
3256,0,4188,0,Payment,3648.81,false
3235,0,4189,0,Payment,3414.64,false
3244,0,4189,0,Payment,1012.41,false
3261,0,4189,0,Payment,2277.13,false
3270,0,4190,0,Payment,743.99,false
3265,0,4191,0,Payment,821.50,false
3279,0,4191,0,Payment,312.70,false
3264,0,4192,0,Payment,895.36,false
3273,0,4192,0,Payment,3273.26,false
3274,0,4192,0,Payment,1872.59,false
3287,0,4193,0,Payment,928.59,false
3292,0,4193,0,Payment,1652.30,false
3293,0,4193,0,Payment,1763.55,false
3283,0,4194,0,Payment,5646.92,false
3284,0,4194,0,Payment,2166.96,false
3285,0,4194,0,Payment,1268.43,false
3300,0,4194,0,Payment,5127.85,false
3286,0,4195,0,Payment,1373.45,false
3296,0,4195,0,Payment,2343.92,false
3297,0,4195,0,Payment,2819.03,false
3294,0,4196,0,Payment,931.95,false
3271,0,4197,0,Payment,4758.65,false
3282,0,4198,0,Payment,7867.53,false
3309,0,4199,0,Payment,28246.77,false
3290,0,4200,0,Payment,1903.33,false
3291,0,4200,0,Payment,1999.27,false
3295,0,4200,0,Payment,2965.84,false
1327,0,4201,0,Payment,3501.39,false
1332,0,4201,0,Payment,3466.24,false
1641,0,4202,0,Payment,4197.68,false
1644,0,4202,0,Payment,4399.38,false
1646,0,4202,0,Payment,3903.56,false
2798,0,4203,0,Payment,9253.71,false
2975,0,4204,0,Payment,14404.47,false
3020,0,4204,0,Payment,15598.98,false
3025,0,4204,0,Payment,15795.05,false
3037,0,4204,0,Payment,29634.64,false
