pon_zone_id,pon_zone_name,service_area_id
1,PON-01-001,1
2,PON-01-002,1
3,PON-01-003,1
4,PON-01-004,1
5,PON-01-005,1
6,PON-01-006,1
7,PON-01-007,1
8,PON-01-008,1
9,PON-01-009,1
10,PON-01-010,1
11,PON-01-011,1
12,PON-01-012,1
13,PON-01-013,1
14,PON-01-014,1
15,PON-01-015,1
16,PON-01-016,1
17,PON-01-017,1
18,PON-01-018,1
19,PON-01-019,1
20,PON-01-020,1
21,PON-01-021,1
22,PON-01-022,1
23,PON-02-001,2
24,PON-02-002,2
25,PON-02-003,2
26,PON-02-004,2
27,PON-02-005,2
28,PON-02-006,2
29,PON-02-007,2
30,PON-02-008,2
31,PON-02-009,2
32,PON-02-010,2
33,PON-02-011,2
34,PON-02-012,2
35,PON-02-013,2
36,PON-02-014,2
37,PON-02-015,2
38,PON-02-016,2
39,PON-02-017,2
40,PON-02-018,2
41,PON-02-019,2
42,PON-02-020,2
43,PON-03-001,3
44,PON-03-002,3
45,PON-03-003,3
46,PON-03-004,3
47,PON-03-005,3
48,PON-03-006,3
49,PON-03-007,3
50,PON-03-008,3
51,PON-03-009,3
52,PON-04-001,4
53,PON-04-002,4
54,PON-04-003,4
55,PON-04-004,4
56,PON-04-005,4
57,PON-04-006,4
58,PON-04-007,4
59,PON-04-008,4
60,PON-04-009,4
61,PON-04-010,4
62,PON-04-011,4
63,PON-04-012,4
64,PON-04-013,4
65,PON-04-014,4
66,PON-04-015,4
67,PON-04-016,4
68,PON-04-017,4
69,PON-04-018,4
70,PON-04-019,4
71,PON-04-020,4
72,PON-04-021,4
73,PON-04-022,4
74,PON-04-023,4
75,PON-04-024,4
76,PON-04-025,4
77,PON-04-026,4
78,PON-04-027,4
79,PON-05-001,5
80,PON-05-002,5
81,PON-05-003,5
82,PON-05-004,5
83,PON-05-005,5
84,PON-05-006,5
85,PON-05-007,5
86,PON-05-008,5
87,PON-05-009,5
88,PON-05-010,5
89,PON-05-011,5
90,PON-05-012,5
91,PON-05-013,5
92,PON-05-014,5
93,PON-05-015,5
94,PON-06-001,6
95,PON-06-002,6
96,PON-06-003,6
97,PON-06-004,6
98,PON-06-005,6
99,PON-06-006,6
100,PON-06-007,6
101,PON-06-008,6
102,PON-06-009,6
103,PON-06-010,6
104,PON-06-011,6
105,PON-06-012,6
106,PON-06-013,6
107,PON-06-014,6
108,PON-06-015,6
109,PON-07-001,7
110,PON-07-002,7
111,PON-07-003,7
112,PON-07-004,7
113,PON-07-005,7
114,PON-07-006,7
115,PON-07-007,7
116,PON-07-008,7
117,PON-07-009,7
118,PON-07-010,7
119,PON-07-011,7
120,PON-07-012,7
121,PON-07-013,7
122,PON-07-014,7
123,PON-07-015,7
124,PON-07-016,7
125,PON-07-017,7
126,PON-07-018,7
127,PON-07-019,7
128,PON-07-020,7
129,PON-07-021,7
130,PON-07-022,7
131,PON-07-023,7
132,PON-07-024,7
133,PON-08-001,8
134,PON-08-002,8
135,PON-08-003,8
136,PON-08-004,8
137,PON-08-005,8
138,PON-08-006,8
139,PON-08-007,8
140,PON-08-008,8
141,PON-08-009,8
142,PON-08-010,8
143,PON-08-011,8
144,PON-08-012,8
145,PON-08-013,8
146,PON-08-014,8
147,PON-08-015,8
148,PON-08-016,8
149,PON-08-017,8
150,PON-08-018,8
151,PON-08-019,8
152,PON-08-020,8
153,PON-08-021,8
154,PON-08-022,8
155,PON-08-023,8
156,PON-08-024,8
157,PON-08-025,8
158,PON-08-026,8
159,PON-08-027,8
160,PON-08-028,8
161,PON-08-029,8
162,PON-08-030,8
163,PON-08-031,8
164,PON-08-032,8
165,PON-08-033,8
166,PON-08-034,8
167,PON-08-035,8
168,PON-08-036,8
169,PON-09-001,9
170,PON-09-002,9
171,PON-09-003,9
172,PON-09-004,9
173,PON-09-005,9
174,PON-09-006,9
175,PON-09-007,9
176,PON-09-008,9
177,PON-09-009,9
178,PON-09-010,9
179,PON-09-011,9
180,PON-09-012,9
181,PON-09-013,9
182,PON-09-014,9
183,PON-10-001,10
184,PON-10-002,10
185,PON-10-003,10
186,PON-10-004,10
187,PON-10-005,10
188,PON-10-006,10
189,PON-10-007,10
190,PON-10-008,10
191,PON-10-009,10
192,PON-10-010,10
193,PON-10-011,10
194,PON-10-012,10
195,PON-10-013,10
196,PON-10-014,10
197,PON-10-015,10
198,PON-11-001,11
199,PON-11-002,11
200,PON-11-003,11
201,PON-11-004,11
202,PON-11-005,11
203,PON-11-006,11
204,PON-11-007,11
205,PON-11-008,11
206,PON-11-009,11
207,PON-11-010,11
208,PON-11-011,11
209,PON-12-001,12
210,PON-12-002,12
211,PON-12-003,12
212,PON-12-004,12
213,PON-12-005,12
214,PON-12-006,12
215,PON-12-007,12
216,PON-12-008,12
217,PON-12-009,12
218,PON-12-010,12
219,PON-12-011,12
220,PON-12-012,12
221,PON-12-013,12
222,PON-12-014,12
223,PON-12-015,12
224,PON-12-016,12
225,PON-13-001,13
226,PON-13-002,13
227,PON-13-003,13
228,PON-13-004,13
229,PON-13-005,13
230,PON-13-006,13
231,PON-13-007,13
232,PON-13-008,13
233,PON-13-009,13
234,PON-13-010,13
235,PON-13-011,13
236,PON-13-012,13
237,PON-13-013,13
238,PON-13-014,13
239,PON-13-015,13
240,PON-13-016,13
241,PON-13-017,13
242,PON-13-018,13
243,PON-13-019,13
244,PON-13-020,13
245,PON-13-021,13
246,PON-13-022,13
247,PON-13-023,13
248,PON-13-024,13
249,PON-13-025,13
250,PON-13-026,13
251,PON-13-027,13
252,PON-13-028,13
253,PON-13-029,13
254,PON-14-001,14
255,PON-14-002,14
256,PON-14-003,14
257,PON-14-004,14
258,PON-14-005,14
259,PON-14-006,14
260,PON-14-007,14
261,PON-14-008,14
262,PON-14-009,14
263,PON-14-010,14
264,PON-14-011,14
265,PON-14-012,14
266,PON-14-013,14
267,PON-14-014,14
268,PON-14-015,14
269,PON-14-016,14
270,PON-14-017,14
271,PON-14-018,14
272,PON-14-019,14
273,PON-14-020,14
274,PON-14-021,14
275,PON-14-022,14
276,PON-15-001,15
277,PON-15-002,15
278,PON-15-003,15
279,PON-15-004,15
280,PON-15-005,15
281,PON-15-006,15
282,PON-15-007,15
283,PON-15-008,15
284,PON-15-009,15
285,PON-15-010,15
286,PON-15-011,15
287,PON-15-012,15
288,PON-15-013,15
289,PON-15-014,15
290,PON-15-015,15
291,PON-15-016,15
292,PON-15-017,15
293,PON-16-001,16
294,PON-16-002,16
295,PON-16-003,16
296,PON-16-004,16
297,PON-16-005,16
298,PON-16-006,16
299,PON-16-007,16
300,PON-16-008,16
301,PON-16-009,16
302,PON-16-010,16
303,PON-16-011,16
304,PON-16-012,16
305,PON-16-013,16
306,PON-16-014,16
307,PON-16-015,16
308,PON-16-016,16
309,PON-16-017,16
310,PON-16-018,16
311,PON-16-019,16
312,PON-17-001,17
313,PON-17-002,17
314,PON-17-003,17
315,PON-17-004,17
316,PON-17-005,17
317,PON-17-006,17
318,PON-17-007,17
319,PON-17-008,17
320,PON-17-009,17
321,PON-17-010,17
322,PON-17-011,17
323,PON-17-012,17
324,PON-17-013,17
325,PON-17-014,17
326,PON-17-015,17
327,PON-17-016,17
328,PON-17-017,17
329,PON-17-018,17
330,PON-17-019,17
331,PON-17-020,17
332,PON-17-021,17
333,PON-17-022,17
334,PON-17-023,17
335,PON-18-001,18
336,PON-18-002,18
337,PON-18-003,18
338,PON-18-004,18
339,PON-18-005,18
340,PON-18-006,18
341,PON-18-007,18
342,PON-18-008,18
343,PON-18-009,18
344,PON-18-010,18
345,PON-18-011,18
346,PON-18-012,18
347,PON-18-013,18
348,PON-18-014,18
349,PON-18-015,18
350,PON-18-016,18
351,PON-18-017,18
352,PON-18-018,18
353,PON-19-001,19
354,PON-19-002,19
355,PON-19-003,19
356,PON-19-004,19
357,PON-19-005,19
358,PON-19-006,19
359,PON-19-007,19
360,PON-19-008,19
361,PON-19-009,19
362,PON-19-010,19
363,PON-19-011,19
364,PON-19-012,19
365,PON-19-013,19
366,PON-19-014,19
367,PON-19-015,19
368,PON-19-016,19
369,PON-19-017,19
370,PON-19-018,19
371,PON-19-019,19
372,PON-19-020,19
373,PON-19-021,19
374,PON-19-022,19
375,PON-19-023,19
376,PON-19-024,19
377,PON-19-025,19
378,PON-20-001,20
379,PON-20-002,20
380,PON-20-003,20
381,PON-20-004,20
382,PON-20-005,20
383,PON-20-006,20
384,PON-20-007,20
385,PON-20-008,20
386,PON-20-009,20
387,PON-20-010,20
388,PON-20-011,20
389,PON-20-012,20
390,PON-20-013,20
391,PON-20-014,20
392,PON-20-015,20
393,PON-20-016,20
394,PON-20-017,20
395,PON-20-018,20
396,PON-20-019,20
397,PON-20-020,20
398,PON-21-001,21
399,PON-21-002,21
400,PON-21-003,21
401,PON-21-004,21
402,PON-21-005,21
403,PON-21-006,21
404,PON-21-007,21
405,PON-21-008,21
406,PON-21-009,21
407,PON-21-010,21
408,PON-21-011,21
409,PON-21-012,21
410,PON-21-013,21
411,PON-21-014,21
412,PON-21-015,21
413,PON-21-016,21
414,PON-21-017,21
415,PON-21-018,21
416,PON-21-019,21
417,PON-21-020,21
418,PON-21-021,21
419,PON-22-001,22
420,PON-22-002,22
421,PON-22-003,22
422,PON-22-004,22
423,PON-22-005,22
424,PON-22-006,22
425,PON-22-007,22
426,PON-22-008,22
427,PON-22-009,22
428,PON-22-010,22
429,PON-22-011,22
430,PON-22-012,22
431,PON-22-013,22
432,PON-22-014,22
433,PON-22-015,22
434,PON-22-016,22
435,PON-22-017,22
436,PON-22-018,22
437,PON-22-019,22
438,PON-22-020,22
439,PON-22-021,22
440,PON-22-022,22
441,PON-22-023,22
442,PON-22-024,22
443,PON-22-025,22
444,PON-22-026,22
445,PON-23-001,23
446,PON-23-002,23
447,PON-23-003,23
448,PON-23-004,23
449,PON-23-005,23
450,PON-23-006,23
451,PON-23-007,23
452,PON-23-008,23
453,PON-23-009,23
454,PON-23-010,23
455,PON-23-011,23
456,PON-23-012,23
457,PON-23-013,23
458,PON-23-014,23
459,PON-23-015,23
460,PON-23-016,23
461,PON-23-017,23
462,PON-23-018,23
463,PON-24-001,24
464,PON-24-002,24
465,PON-24-003,24
466,PON-24-004,24
467,PON-24-005,24
468,PON-24-006,24
469,PON-24-007,24
470,PON-24-008,24
471,PON-24-009,24
472,PON-24-010,24
473,PON-24-011,24
474,PON-24-012,24
475,PON-24-013,24
476,PON-24-014,24
477,PON-24-015,24
478,PON-24-016,24
479,PON-24-017,24
480,PON-24-018,24
481,PON-24-019,24
482,PON-24-020,24
483,PON-24-021,24
484,PON-24-022,24
485,PON-24-023,24
486,PON-24-024,24
487,PON-24-025,24
488,PON-24-026,24
489,PON-25-001,25
490,PON-25-002,25
491,PON-25-003,25
492,PON-25-004,25
493,PON-25-005,25
494,PON-25-006,25
495,PON-25-007,25
496,PON-25-008,25
497,PON-25-009,25
498,PON-25-010,25
499,PON-25-011,25
500,PON-25-012,25
501,PON-25-013,25
502,PON-25-014,25
503,PON-26-001,26
504,PON-26-002,26
505,PON-26-003,26
506,PON-26-004,26
507,PON-26-005,26
508,PON-26-006,26
509,PON-26-007,26
510,PON-26-008,26
511,PON-26-009,26
512,PON-26-010,26
513,PON-26-011,26
514,PON-26-012,26
515,PON-26-013,26
516,PON-26-014,26
517,PON-26-015,26
518,PON-26-016,26
519,PON-26-017,26
520,PON-26-018,26
521,PON-27-001,27
522,PON-27-002,27
523,PON-27-003,27
524,PON-27-004,27
525,PON-27-005,27
526,PON-27-006,27
527,PON-27-007,27
528,PON-27-008,27
529,PON-27-009,27
530,PON-27-010,27
531,PON-27-011,27
532,PON-27-012,27
533,PON-28-001,28
534,PON-28-002,28
535,PON-28-003,28
536,PON-28-004,28
537,PON-28-005,28
538,PON-28-006,28
539,PON-28-007,28
540,PON-28-008,28
541,PON-28-009,28
542,PON-28-010,28
543,PON-28-011,28
544,PON-28-012,28
545,PON-28-013,28
546,PON-28-014,28
547,PON-28-015,28
548,PON-29-001,29
549,PON-29-002,29
550,PON-29-003,29
551,PON-29-004,29
552,PON-29-005,29
553,PON-29-006,29
554,PON-29-007,29
555,PON-29-008,29
556,PON-29-009,29
557,PON-29-010,29
558,PON-29-011,29
559,PON-29-012,29
560,PON-29-013,29
561,PON-29-014,29
562,PON-29-015,29
563,PON-29-016,29
564,PON-29-017,29
565,PON-30-001,30
566,PON-30-002,30
567,PON-30-003,30
568,PON-30-004,30
569,PON-30-005,30
570,PON-30-006,30
571,PON-30-007,30
572,PON-30-008,30
573,PON-30-009,30
574,PON-30-010,30
575,PON-30-011,30
576,PON-30-012,30
577,PON-30-013,30
578,PON-30-014,30
579,PON-30-015,30
580,PON-30-016,30
