subscriber_period_id,service_address_id,entity,service_eff_date,is_active
1,SA9449640,GREENFIELD,2024-05-31,1
2,SA9449640,GREENFIELD,2024-09-13,1
3,SA9204264,GREENFIELD,2023-05-23,1
4,SA9204264,GREENFIELD,2024-03-08,1
5,SA9721021,GREENFIELD,2024-03-13,0
6,SA9721021,GREENFIELD,2024-05-20,1
7,SA9166589,GREENFIELD,2024-04-29,1
8,SA9889926,GREENFIELD,2023-03-11,0
9,SA9452007,GREENFIELD,2021-09-07,1
10,SA9452007,GREENFIELD,2022-01-19,1
11,SA9233782,GREENFIELD,2024-02-16,1
12,SA9233782,GREENFIELD,2024-06-26,1
13,SA9668845,GREENFIELD,2024-03-18,1
14,SA9668845,GREENFIELD,2024-09-13,1
15,SA9759988,GREENFIELD,2022-05-06,0
16,SA9759988,GREENFIELD,2022-10-02,1
17,SA9201432,GREENFIELD,2024-03-24,1
18,SA9566957,GREENFIELD,2021-12-14,1
19,SA9566957,GREENFIELD,2022-03-01,0
20,SA9566957,GREENFIELD,2022-11-12,1
21,SA9469828,GREENFIELD,2023-05-08,1
22,SA3728736,GREENFIELD,2024-01-21,0
23,SA3728736,GREENFIELD,2024-02-17,1
24,SA7640931,GREENFIELD,2024-09-13,1
25,SA1384028,GREENFIELD,2024-05-29,1
26,SA7149419,GREENFIELD,2024-07-18,1
27,SA3542209,GREENFIELD,2024-01-16,1
28,SA5930935,GREENFIELD,2024-04-05,0
29,SA5930935,GREENFIELD,2024-09-13,1
30,SA7144160,GREENFIELD,2024-09-13,1
31,SA6882904,GREENFIELD,2023-07-24,1
32,SA8968404,GREENFIELD,2024-09-13,1
33,SA6407854,GREENFIELD,2022-11-22,0
34,SA7599796,GREENFIELD,2022-06-25,1
35,SA6722696,GREENFIELD,2021-11-12,1
36,SA6722696,GREENFIELD,2022-03-07,0
37,SA6722696,GREENFIELD,2023-06-08,1
38,SA1245130,GREENFIELD,2024-09-13,1
39,SA5470805,WHOLESALE,2022-04-13,0
40,SA5470805,WHOLESALE,2022-06-26,1
41,SA3950123,GREENFIELD,2024-05-16,0
42,SA3950123,GREENFIELD,2024-09-09,1
43,SA5591173,GREENFIELD,2023-08-20,1
44,SA6034972,GREENFIELD,2024-06-26,0
45,SA6034972,GREENFIELD,2024-09-13,1
46,SA2797460,GREENFIELD,2023-03-21,1
47,SA2797460,GREENFIELD,2023-06-30,1
48,SA6233820,GREENFIELD,2023-12-12,1
49,SA6233820,GREENFIELD,2024-09-13,1
50,SA1484331,GREENFIELD,2023-06-30,1
51,SA1484331,GREENFIELD,2024-09-13,1
52,SA4957345,GREENFIELD,2023-07-28,0
53,SA8890623,GREENFIELD,2021-12-20,1
54,SA8890623,GREENFIELD,2022-03-05,0
55,SA8890623,GREENFIELD,2023-10-23,1
56,SA8715587,GREENFIELD,2024-09-13,1
57,SA4767111,GREENFIELD,2023-02-10,0
58,SA4767111,GREENFIELD,2023-05-22,0
59,SA2602250,GREENFIELD,2022-12-25,0
60,SA4500518,GREENFIELD,2023-11-07,1
61,SA6510934,GREENFIELD,2024-09-13,1
62,SA4118209,GREENFIELD,2023-06-20,1
63,SA4118209,GREENFIELD,2024-09-13,1
64,SA1316462,GREENFIELD,2024-09-13,1
65,SA6342643,GREENFIELD,2024-08-11,1
66,SA6831845,GREENFIELD,2023-01-20,1
67,SA6831845,GREENFIELD,2024-03-12,1
68,SA1298284,GREENFIELD,2024-07-30,1
69,SA5209109,GREENFIELD,2023-10-25,1
70,SA5209109,GREENFIELD,2024-08-24,1
71,SA7556226,GREENFIELD,2024-03-26,0
72,SA6602246,GREENFIELD,2023-06-20,1
73,SA8368451,GREENFIELD,2023-07-10,0
74,SA8368451,GREENFIELD,2024-01-21,0
75,SA4881506,GREENFIELD,2024-05-09,1
76,SA8116702,GREENFIELD,2024-04-09,0
77,SA2422564,GREENFIELD,2024-07-21,1
78,SA1905058,GREENFIELD,2024-09-13,1
79,SA2973345,GREENFIELD,2024-04-08,1
80,SA6430546,GREENFIELD,2023-12-05,0
81,SA6430546,GREENFIELD,2024-02-06,1
82,SA5411204,GREENFIELD,2023-04-24,1
83,SA3259960,GREENFIELD,2023-09-04,0
84,SA3259960,GREENFIELD,2024-01-05,1
85,SA4280475,GREENFIELD,2024-02-05,1
86,SA5089417,GREENFIELD,2022-04-07,0
87,SA5089417,GREENFIELD,2022-05-22,0
88,SA3901162,GREENFIELD,2022-05-03,1
89,SA4726390,GREENFIELD,2024-09-13,1
90,SA3158094,GREENFIELD,2023-08-01,0
91,SA2560684,GREENFIELD,2021-12-24,1
92,SA3086485,GREENFIELD,2022-12-04,1
93,SA8581612,GREENFIELD,2023-06-19,0
94,SA8082850,GREENFIELD,2024-09-13,1
95,SA5555686,GREENFIELD,2024-09-13,1
96,SA1367854,GREENFIELD,2024-02-02,1
97,SA2243189,GREENFIELD,2024-09-13,1
98,SA6175265,GREENFIELD,2024-09-13,1
99,SA6127261,GREENFIELD,2024-09-13,1
100,SA1475199,GREENFIELD,2024-09-13,1
101,SA4474771,GREENFIELD,2023-12-02,1
102,SA5475805,GREENFIELD,2024-04-26,1
103,SA5212678,GREENFIELD,2022-04-10,1
104,SA5638012,GREENFIELD,2022-07-02,1
105,SA3009322,GREENFIELD,2023-10-22,1
106,SA5767204,GREENFIELD,2023-09-12,1
107,SA6538263,GREENFIELD,2022-09-19,0
108,SA6538263,GREENFIELD,2023-01-15,0
109,SA4317914,GREENFIELD,2023-09-09,0
110,SA4317914,GREENFIELD,2024-07-01,0
111,SA7169170,GREENFIELD,2022-12-22,1
112,SA2467605,GREENFIELD,2024-06-28,1
113,SA2467605,GREENFIELD,2024-09-13,1
114,SA3627895,GREENFIELD,2024-09-13,1
115,SA1728112,GREENFIELD,2024-09-13,1
116,SA6685248,GREENFIELD,2024-09-13,1
117,SA2916111,GREENFIELD,2021-11-13,1
118,SA2916111,GREENFIELD,2022-03-02,0
119,SA2916111,GREENFIELD,2022-12-03,1
120,SA1701250,GREENFIELD,2023-09-01,0
121,SA1701250,GREENFIELD,2024-01-18,1
122,SA4674073,GREENFIELD,2021-11-11,1
123,SA4674073,GREENFIELD,2022-03-11,0
124,SA4674073,GREENFIELD,2023-01-18,1
125,SA4346360,GREENFIELD,2023-10-26,0
126,SA4346360,GREENFIELD,2024-04-01,1
127,SA2378455,GREENFIELD,2023-12-01,0
128,SA1469735,GREENFIELD,2024-09-13,1
129,SA1953487,GREENFIELD,2023-06-16,1
130,SA3934509,GREENFIELD,2024-09-13,1
131,SA5718580,GREENFIELD,2023-05-22,0
132,SA5718580,GREENFIELD,2023-08-21,1
133,SA1379520,GREENFIELD,2024-03-25,0
134,SA1379520,GREENFIELD,2024-09-13,0
135,SA3209137,GREENFIELD,2023-04-21,0
136,SA3209137,GREENFIELD,2024-01-19,0
137,SA7579774,GREENFIELD,2024-05-22,1
138,SA6298308,GREENFIELD,2024-04-06,1
139,SA6882604,GREENFIELD,2023-03-12,0
140,SA6882604,GREENFIELD,2023-04-06,1
141,SA2617703,ACQUIRED,2023-01-08,1
142,SA2617703,ACQUIRED,2024-02-16,1
143,SA6624552,GREENFIELD,2024-06-04,1
144,SA6624552,GREENFIELD,2024-09-13,1
145,SA5498119,GREENFIELD,2022-01-23,1
146,SA5498119,GREENFIELD,2022-03-20,0
147,SA5498119,GREENFIELD,2023-01-13,1
148,SA1331253,GREENFIELD,2023-02-12,0
149,SA1331253,GREENFIELD,2023-11-15,0
150,SA3032131,GREENFIELD,2024-07-20,1
151,SA6787321,GREENFIELD,2023-08-27,0
152,SA6787321,GREENFIELD,2023-10-15,1
153,SA3204937,GREENFIELD,2024-02-19,1
154,SA3204937,GREENFIELD,2024-09-13,1
155,SA1544194,WHOLESALE,2023-03-26,0
156,SA1544194,WHOLESALE,2023-09-22,1
157,SA2224088,GREENFIELD,2023-06-22,1
158,SA3858073,GREENFIELD,2024-08-25,1
159,SA2612225,GREENFIELD,2024-09-13,1
160,SA7197345,GREENFIELD,2024-02-15,0
161,SA6786040,GREENFIELD,2024-09-13,1
162,SA4971165,ACQUIRED,2023-03-02,1
163,SA4971165,ACQUIRED,2024-07-12,1
164,SA2669322,GREENFIELD,2023-07-22,1
165,SA2669322,GREENFIELD,2024-02-22,1
166,SA7020561,GREENFIELD,2024-09-13,1
167,SA8004178,GREENFIELD,2024-09-13,1
168,SA4453890,GREENFIELD,2023-06-25,0
169,SA4453890,GREENFIELD,2023-09-01,1
170,SA8033715,GREENFIELD,2024-08-16,1
171,SA8562127,GREENFIELD,2024-02-03,1
172,SA8562127,GREENFIELD,2024-09-13,1
173,SA5182914,GREENFIELD,2024-09-13,1
174,SA7188993,GREENFIELD,2024-09-13,1
175,SA1903125,GREENFIELD,2022-08-13,1
176,SA1903125,GREENFIELD,2023-03-29,1
177,SA4803932,GREENFIELD,2024-07-14,1
178,SA3251559,WHOLESALE,2024-05-25,0
179,SA7694925,GREENFIELD,2022-12-13,1
180,SA6590450,GREENFIELD,2024-09-13,1
181,SA4789118,GREENFIELD,2023-12-27,1
182,SA3701333,GREENFIELD,2024-09-13,1
183,SA4163201,GREENFIELD,2022-11-16,1
184,SA4163201,GREENFIELD,2023-03-22,1
185,SA6046734,GREENFIELD,2022-08-19,1
186,SA6046734,GREENFIELD,2023-01-09,1
187,SA6204755,WHOLESALE,2024-03-24,1
188,SA6204755,WHOLESALE,2024-09-13,1
189,SA7204060,GREENFIELD,2023-05-22,0
190,SA7204060,GREENFIELD,2023-09-09,0
191,SA4562677,GREENFIELD,2022-05-29,1
192,SA4562677,GREENFIELD,2023-01-08,1
193,SA4731629,GREENFIELD,2024-09-13,1
194,SA1890194,GREENFIELD,2022-02-17,1
195,SA1890194,GREENFIELD,2023-03-20,1
196,SA6321705,GREENFIELD,2022-05-17,1
197,SA3714036,GREENFIELD,2024-04-24,1
198,SA3714036,GREENFIELD,2024-09-13,1
199,SA3806335,GREENFIELD,2024-02-09,1
200,SA8646155,GREENFIELD,2022-09-20,0
201,SA6725691,GREENFIELD,2023-08-31,1
202,SA6725691,GREENFIELD,2023-12-08,1
203,SA7371091,GREENFIELD,2024-09-13,1
204,SA4081529,GREENFIELD,2024-03-07,1
205,SA4081529,GREENFIELD,2024-09-13,1
206,SA5115039,GREENFIELD,2023-04-13,0
207,SA5115039,GREENFIELD,2023-07-30,1
208,SA1687645,ACQUIRED,2023-08-18,0
209,SA1687645,ACQUIRED,2023-10-19,1
210,SA5803573,GREENFIELD,2023-05-22,1
211,SA6307328,GREENFIELD,2024-09-13,1
212,SA8383872,GREENFIELD,2024-09-13,1
213,SA1016399,GREENFIELD,2024-09-13,1
214,SA8486225,GREENFIELD,2024-08-04,1
215,SA5109938,GREENFIELD,2024-09-13,1
216,SA1060548,GREENFIELD,2024-09-13,1
217,SA8175327,WHOLESALE,2023-10-03,1
218,SA8338234,GREENFIELD,2024-09-13,1
219,SA5539442,GREENFIELD,2023-02-07,0
220,SA5539442,GREENFIELD,2023-05-16,1
221,SA2236556,GREENFIELD,2023-10-17,1
222,SA1235290,GREENFIELD,2024-02-01,1
223,SA6379718,GREENFIELD,2022-08-29,1
224,SA1009112,GREENFIELD,2024-03-02,1
225,SA6662516,GREENFIELD,2024-09-13,1
226,SA6971087,GREENFIELD,2024-09-13,1
227,SA6637828,GREENFIELD,2024-09-13,1
228,SA4360414,GREENFIELD,2024-01-18,1
229,SA7833801,GREENFIELD,2024-04-15,1
230,SA7833801,GREENFIELD,2024-09-13,1
231,SA3606640,WHOLESALE,2023-12-14,1
232,SA5443028,GREENFIELD,2024-09-13,1
233,SA8078153,GREENFIELD,2024-09-13,1
234,SA5450225,GREENFIELD,2023-09-12,0
235,SA5020112,GREENFIELD,2024-05-14,1
236,SA5772459,GREENFIELD,2022-09-07,1
237,SA2503799,GREENFIELD,2023-12-21,0
238,SA2503799,GREENFIELD,2024-02-25,1
239,SA8579822,GREENFIELD,2024-09-13,1
240,SA2735125,GREENFIELD,2022-11-22,1
241,SA2735125,GREENFIELD,2023-10-19,1
242,SA7997022,GREENFIELD,2022-08-04,1
243,SA1453504,GREENFIELD,2023-09-02,1
244,SA1453504,GREENFIELD,2024-03-07,1
245,SA2515443,GREENFIELD,2023-03-23,0
246,SA8571142,GREENFIELD,2022-08-01,1
247,SA8571142,GREENFIELD,2023-05-23,1
248,SA4301347,GREENFIELD,2024-07-04,1
249,SA2762051,GREENFIELD,2024-02-02,1
250,SA2031473,GREENFIELD,2024-08-18,1
251,SA2883922,GREENFIELD,2024-09-13,1
252,SA5863394,GREENFIELD,2022-11-05,1
253,SA3785408,GREENFIELD,2023-05-16,1
254,SA3785408,GREENFIELD,2023-08-28,1
255,SA7290746,GREENFIELD,2024-07-13,0
256,SA6107656,GREENFIELD,2024-07-12,1
257,SA3070172,GREENFIELD,2023-07-16,0
258,SA2088112,GREENFIELD,2024-09-13,1
259,SA3631689,GREENFIELD,2024-05-08,0
260,SA3631689,GREENFIELD,2024-09-13,1
261,SA5145222,GREENFIELD,2024-09-13,1
262,SA4790865,GREENFIELD,2024-07-30,1
263,SA7636305,GREENFIELD,2024-09-13,1
264,SA3583513,WHOLESALE,2022-10-20,0
265,SA6370198,GREENFIELD,2023-05-06,1
266,SA1234412,GREENFIELD,2024-09-13,1
267,SA2567878,GREENFIELD,2024-05-15,1
268,SA5359460,GREENFIELD,2023-09-21,0
269,SA5359460,GREENFIELD,2023-11-18,0
270,SA3532076,GREENFIELD,2023-11-05,1
271,SA3532076,GREENFIELD,2024-08-29,1
272,SA8629965,GREENFIELD,2023-06-01,1
273,SA8629965,GREENFIELD,2023-09-30,1
274,SA7366458,GREENFIELD,2024-05-09,1
275,SA7366458,GREENFIELD,2024-09-13,1
276,SA8506776,GREENFIELD,2024-08-14,1
277,SA2704106,WHOLESALE,2024-01-05,1
278,SA2704106,WHOLESALE,2024-05-15,1
279,SA4840812,GREENFIELD,2023-01-04,1
280,SA4840812,GREENFIELD,2024-01-19,1
281,SA8175708,GREENFIELD,2023-04-27,1
282,SA8405664,WHOLESALE,2024-04-21,0
283,SA8405664,WHOLESALE,2024-05-27,1
284,SA3391062,GREENFIELD,2024-01-06,1
285,SA6359893,GREENFIELD,2023-12-18,0
286,SA6359893,GREENFIELD,2024-01-20,1
287,SA7908071,GREENFIELD,2022-04-05,1
288,SA7583899,GREENFIELD,2022-10-09,1
289,SA7583899,GREENFIELD,2024-01-17,1
290,SA4723773,GREENFIELD,2024-04-10,0
291,SA1133631,WHOLESALE,2023-08-13,0
292,SA1133631,WHOLESALE,2024-05-19,0
293,SA8371255,GREENFIELD,2022-04-09,1
294,SA7303533,GREENFIELD,2023-07-13,1
295,SA7172650,GREENFIELD,2024-09-13,1
296,SA8834051,GREENFIELD,2023-08-31,1
297,SA2673583,GREENFIELD,2024-09-13,1
298,SA1528058,GREENFIELD,2023-10-20,0
299,SA4039167,GREENFIELD,2021-08-22,1
300,SA4039167,GREENFIELD,2022-03-07,0
301,SA4039167,GREENFIELD,2023-02-01,1
302,SA4472416,GREENFIELD,2024-01-20,1
303,SA3499630,GREENFIELD,2024-05-06,0
304,SA1183012,GREENFIELD,2024-09-13,1
305,SA6637945,GREENFIELD,2023-08-26,1
306,SA8472552,GREENFIELD,2022-09-11,1
307,SA6735051,GREENFIELD,2024-08-09,1
308,SA4160155,GREENFIELD,2024-09-13,1
309,SA4027419,GREENFIELD,2024-05-19,1
310,SA7983663,GREENFIELD,2024-09-13,1
311,SA2509953,GREENFIELD,2023-09-15,1
312,SA2122307,GREENFIELD,2023-05-02,1
313,SA2122307,GREENFIELD,2023-12-24,1
314,SA7152845,GREENFIELD,2024-08-21,1
315,SA3968848,WHOLESALE,2023-02-12,1
316,SA4866937,GREENFIELD,2023-01-15,1
317,SA4866937,GREENFIELD,2023-11-26,1
318,SA5919414,GREENFIELD,2022-01-10,1
319,SA5919414,GREENFIELD,2022-03-19,0
320,SA5919414,GREENFIELD,2023-08-18,1
321,SA6709617,GREENFIELD,2023-08-06,1
322,SA6709617,GREENFIELD,2024-06-19,1
323,SA6704093,GREENFIELD,2022-10-18,0
324,SA2732896,GREENFIELD,2023-10-17,0
325,SA2732896,GREENFIELD,2024-01-06,1
326,SA7074724,GREENFIELD,2024-09-13,1
327,SA3472100,GREENFIELD,2024-03-23,1
328,SA8623034,WHOLESALE,2024-09-13,1
329,SA3527912,GREENFIELD,2024-09-13,1
330,SA7466193,GREENFIELD,2022-11-01,0
331,SA7466193,GREENFIELD,2022-12-21,1
332,SA5825494,GREENFIELD,2024-09-13,1
333,SA3432349,GREENFIELD,2022-05-13,1
334,SA6388951,GREENFIELD,2024-04-18,0
335,SA6388951,GREENFIELD,2024-08-13,1
336,SA1263825,GREENFIELD,2024-01-23,0
337,SA1263825,GREENFIELD,2024-04-14,1
338,SA6906758,GREENFIELD,2023-04-15,1
339,SA6906758,GREENFIELD,2024-01-13,1
340,SA5603703,GREENFIELD,2024-09-13,1
341,SA2419816,WHOLESALE,2023-10-17,1
342,SA2419816,WHOLESALE,2024-09-13,1
343,SA8491642,GREENFIELD,2024-02-28,0
344,SA8491642,GREENFIELD,2024-05-10,0
345,SA5527833,GREENFIELD,2022-07-03,1
346,SA7157196,GREENFIELD,2024-09-13,1
347,SA4255560,GREENFIELD,2024-09-13,1
348,SA3886857,GREENFIELD,2022-04-21,0
349,SA3886857,GREENFIELD,2022-10-06,1
350,SA2430817,ACQUIRED,2023-06-19,1
351,SA4641262,GREENFIELD,2024-09-13,1
352,SA2236263,GREENFIELD,2023-08-31,1
353,SA4795095,GREENFIELD,2024-02-22,0
354,SA4795095,GREENFIELD,2024-07-15,1
355,SA1554150,GREENFIELD,2024-05-05,1
356,SA1554150,GREENFIELD,2024-09-13,1
357,SA6854162,GREENFIELD,2024-03-22,0
358,SA6854162,GREENFIELD,2024-05-24,1
359,SA7452154,GREENFIELD,2022-07-29,0
360,SA7452154,GREENFIELD,2022-09-16,1
361,SA6593241,ACQUIRED,2023-07-16,1
362,SA6593241,ACQUIRED,2024-08-31,1
363,SA4668804,GREENFIELD,2023-04-29,0
364,SA4668804,GREENFIELD,2023-07-20,0
365,SA3190659,GREENFIELD,2023-12-20,1
366,SA5967737,GREENFIELD,2024-05-18,1
367,SA1776374,GREENFIELD,2023-08-19,0
368,SA2917356,GREENFIELD,2024-09-13,1
369,SA7169103,GREENFIELD,2023-03-16,1
370,SA7169103,GREENFIELD,2023-07-03,1
371,SA4993318,GREENFIELD,2024-07-17,1
372,SA8853264,GREENFIELD,2024-09-13,1
373,SA7922583,GREENFIELD,2024-09-13,1
374,SA2281247,GREENFIELD,2024-09-02,1
375,SA7464080,GREENFIELD,2024-04-23,0
376,SA5159206,GREENFIELD,2024-04-05,1
377,SA5159206,GREENFIELD,2024-09-13,1
378,SA7626230,GREENFIELD,2024-05-20,0
379,SA7626230,GREENFIELD,2024-06-27,1
380,SA6744909,GREENFIELD,2024-09-13,1
381,SA7378190,GREENFIELD,2024-09-13,1
382,SA6145389,GREENFIELD,2022-10-21,1
383,SA8619408,GREENFIELD,2023-08-05,1
384,SA8619408,GREENFIELD,2024-05-20,1
385,SA2148187,GREENFIELD,2023-05-21,0
386,SA2148187,GREENFIELD,2023-09-17,1
387,SA5140240,GREENFIELD,2023-07-28,1
388,SA5140240,GREENFIELD,2024-02-14,1
389,SA4968932,GREENFIELD,2022-12-14,1
390,SA7521460,GREENFIELD,2022-07-20,1
391,SA7521460,GREENFIELD,2023-05-12,1
392,SA1635136,GREENFIELD,2022-11-25,0
393,SA1195146,GREENFIELD,2022-01-02,1
394,SA2173275,GREENFIELD,2023-01-03,0
395,SA2173275,GREENFIELD,2023-05-24,1
396,SA6455203,GREENFIELD,2024-09-13,1
397,SA4675660,GREENFIELD,2023-11-08,1
398,SA4441981,GREENFIELD,2024-09-13,1
399,SA4767904,GREENFIELD,2024-05-28,1
400,SA5013378,GREENFIELD,2023-01-01,1
401,SA5013378,GREENFIELD,2023-06-18,1
402,SA3494777,GREENFIELD,2022-09-24,1
403,SA3494777,GREENFIELD,2023-09-05,1
404,SA7880931,GREENFIELD,2023-05-08,1
405,SA5984546,GREENFIELD,2023-07-24,1
406,SA4643330,WHOLESALE,2023-09-23,1
407,SA2530142,GREENFIELD,2023-01-06,0
408,SA8235810,GREENFIELD,2022-05-13,1
409,SA6611538,GREENFIELD,2023-05-19,1
410,SA2345103,GREENFIELD,2024-05-16,1
411,SA5330736,GREENFIELD,2023-06-22,0
412,SA5330736,GREENFIELD,2023-08-16,0
413,SA2844556,GREENFIELD,2023-05-29,1
414,SA1070998,GREENFIELD,2024-09-07,1
415,SA3816470,GREENFIELD,2024-09-13,1
416,SA8710390,GREENFIELD,2024-09-02,1
417,SA7818468,GREENFIELD,2024-09-13,1
418,SA6854755,GREENFIELD,2024-06-16,0
419,SA6854755,GREENFIELD,2024-09-12,1
420,SA3083251,GREENFIELD,2022-09-09,1
421,SA8200409,GREENFIELD,2024-03-18,0
422,SA8200409,GREENFIELD,2024-06-07,1
423,SA3466679,GREENFIELD,2022-10-26,1
424,SA6351925,GREENFIELD,2022-09-06,1
425,SA6554429,GREENFIELD,2023-03-11,1
426,SA6554429,GREENFIELD,2023-08-20,1
427,SA5218687,GREENFIELD,2022-05-13,1
428,SA6133394,GREENFIELD,2023-10-26,1
429,SA3018855,GREENFIELD,2023-07-23,1
430,SA2773272,ACQUIRED,2024-01-05,0
431,SA2631795,WHOLESALE,2024-04-16,1
432,SA8037349,GREENFIELD,2023-09-03,0
433,SA4615067,GREENFIELD,2024-08-30,1
434,SA7509884,GREENFIELD,2022-08-17,0
435,SA7509884,GREENFIELD,2022-10-17,1
436,SA6185016,GREENFIELD,2024-09-13,1
437,SA4437689,GREENFIELD,2024-09-13,1
438,SA3584380,GREENFIELD,2024-05-29,1
439,SA4141731,GREENFIELD,2024-09-13,1
440,SA2105384,GREENFIELD,2024-09-13,1
441,SA3913270,GREENFIELD,2022-04-28,1
442,SA1656279,GREENFIELD,2023-03-19,1
443,SA3557791,GREENFIELD,2024-09-13,1
444,SA4793918,GREENFIELD,2024-04-18,1
445,SA7892906,GREENFIELD,2024-09-13,1
446,SA1664459,GREENFIELD,2023-09-05,1
447,SA1220300,GREENFIELD,2023-11-19,1
448,SA1644961,GREENFIELD,2024-09-13,1
449,SA1030203,GREENFIELD,2024-06-08,1
450,SA8836922,GREENFIELD,2023-09-04,1
451,SA7334420,GREENFIELD,2023-12-29,1
452,SA5221484,GREENFIELD,2022-10-19,1
453,SA7952047,GREENFIELD,2023-12-05,1
454,SA4159205,GREENFIELD,2024-04-28,1
455,SA6015696,GREENFIELD,2024-08-05,1
456,SA5100586,GREENFIELD,2023-09-14,0
457,SA5100586,GREENFIELD,2024-01-21,0
458,SA1885117,GREENFIELD,2022-05-12,1
459,SA7411738,GREENFIELD,2022-11-23,1
460,SA7411738,GREENFIELD,2023-07-03,1
461,SA7849252,GREENFIELD,2024-06-05,1
462,SA7849791,GREENFIELD,2022-11-20,0
463,SA3777187,GREENFIELD,2024-06-11,1
464,SA2592641,GREENFIELD,2024-01-05,1
465,SA2610042,GREENFIELD,2024-09-13,1
466,SA8052129,GREENFIELD,2023-08-14,0
467,SA2019132,GREENFIELD,2022-11-03,1
468,SA1481154,GREENFIELD,2024-09-13,1
469,SA5816179,GREENFIELD,2022-06-27,1
470,SA5816179,GREENFIELD,2023-07-04,1
471,SA1140309,GREENFIELD,2024-09-13,1
472,SA5640798,GREENFIELD,2024-06-08,0
473,SA5640798,GREENFIELD,2024-09-13,0
474,SA1376434,GREENFIELD,2024-03-13,1
475,SA3094597,WHOLESALE,2024-09-04,1
476,SA8322183,GREENFIELD,2024-09-13,1
477,SA5016226,GREENFIELD,2024-06-05,1
478,SA2776772,GREENFIELD,2023-07-07,1
479,SA2871089,GREENFIELD,2023-11-10,1
480,SA7943665,GREENFIELD,2024-09-13,1
481,SA2670253,GREENFIELD,2023-09-11,1
482,SA2670253,GREENFIELD,2024-04-11,1
483,SA8878373,GREENFIELD,2023-09-28,1
484,SA8878373,GREENFIELD,2024-01-16,1
485,SA8142921,ACQUIRED,2023-03-14,1
486,SA2169567,GREENFIELD,2024-04-26,1
487,SA2169567,GREENFIELD,2024-09-13,1
488,SA5962385,GREENFIELD,2024-09-13,1
489,SA3085856,GREENFIELD,2024-09-13,1
490,SA1118526,ACQUIRED,2024-09-13,1
491,SA3923877,GREENFIELD,2024-09-13,1
492,SA6203228,GREENFIELD,2023-01-25,1
493,SA6203228,GREENFIELD,2023-07-11,1
494,SA6470145,GREENFIELD,2024-08-23,1
495,SA5717832,GREENFIELD,2023-07-21,1
496,SA7275577,GREENFIELD,2024-09-07,1
497,SA5907645,GREENFIELD,2022-11-07,1
498,SA4716255,GREENFIELD,2024-09-13,1
499,SA7042427,GREENFIELD,2024-09-13,1
500,SA3431894,GREENFIELD,2023-07-04,1
501,SA3431894,GREENFIELD,2024-08-18,1
502,SA1721449,GREENFIELD,2024-05-16,1
503,SA2193192,GREENFIELD,2024-06-26,1
504,SA6770838,GREENFIELD,2021-09-08,1
505,SA6770838,GREENFIELD,2022-05-05,1
506,SA1718047,GREENFIELD,2024-09-13,1
507,SA2076641,GREENFIELD,2022-08-12,0
508,SA3917864,ACQUIRED,2022-09-19,1
509,SA8429952,GREENFIELD,2023-11-22,0
510,SA8429952,GREENFIELD,2024-05-20,1
511,SA1756481,GREENFIELD,2023-03-23,1
512,SA1756481,GREENFIELD,2024-06-11,1
513,SA1001641,GREENFIELD,2023-08-05,0
514,SA1001641,GREENFIELD,2023-12-02,0
515,SA3612024,GREENFIELD,2023-07-03,1
516,SA2717253,GREENFIELD,2024-09-13,1
517,SA1586659,GREENFIELD,2024-05-04,0
518,SA1586659,GREENFIELD,2024-07-01,1
519,SA3681359,GREENFIELD,2024-03-14,0
520,SA3681359,GREENFIELD,2024-08-21,1
521,SA2890327,GREENFIELD,2024-09-13,1
522,SA2823056,GREENFIELD,2024-01-01,1
523,SA7623272,GREENFIELD,2021-12-04,0
524,SA7623272,GREENFIELD,2022-03-06,1
525,SA5898801,GREENFIELD,2024-09-13,1
526,SA7378063,GREENFIELD,2024-09-13,1
527,SA7541689,GREENFIELD,2024-09-13,1
528,SA8211454,GREENFIELD,2022-12-28,1
529,SA8211454,GREENFIELD,2023-06-02,1
530,SA2543306,GREENFIELD,2023-06-09,0
531,SA2128169,GREENFIELD,2024-05-22,0
532,SA2128169,GREENFIELD,2024-08-13,1
533,SA5959575,GREENFIELD,2024-01-03,0
534,SA5959575,GREENFIELD,2024-07-25,0
535,SA2865272,ACQUIRED,2022-05-06,1
536,SA1198754,GREENFIELD,2024-09-13,1
537,SA5964920,GREENFIELD,2024-05-22,1
538,SA3496848,WHOLESALE,2024-03-03,1
539,SA3496848,WHOLESALE,2024-09-13,1
540,SA1941275,GREENFIELD,2023-11-11,1
541,SA1941275,GREENFIELD,2024-09-13,1
542,SA6161915,GREENFIELD,2022-12-05,0
543,SA6161915,GREENFIELD,2023-02-03,1
544,SA7198906,GREENFIELD,2024-09-13,1
545,SA2777303,GREENFIELD,2024-09-13,1
546,SA8045391,GREENFIELD,2024-09-13,1
547,SA6895034,GREENFIELD,2023-04-17,0
548,SA4707358,GREENFIELD,2024-07-27,1
549,SA4760825,GREENFIELD,2024-09-13,1
550,SA3473872,GREENFIELD,2022-02-13,1
551,SA3473872,GREENFIELD,2022-03-14,0
552,SA3473872,GREENFIELD,2023-09-24,1
553,SA2700091,GREENFIELD,2024-07-10,1
554,SA7352548,GREENFIELD,2024-09-13,1
555,SA1055345,GREENFIELD,2022-08-27,1
556,SA6178813,GREENFIELD,2023-12-10,0
557,SA6178813,GREENFIELD,2024-06-16,0
558,SA8378483,WHOLESALE,2024-09-13,1
559,SA6680670,GREENFIELD,2023-09-22,1
560,SA7458225,GREENFIELD,2024-09-13,1
561,SA8076257,GREENFIELD,2024-09-13,1
562,SA8493295,GREENFIELD,2024-09-02,1
563,SA5478681,GREENFIELD,2024-04-14,1
564,SA7739020,GREENFIELD,2024-05-25,1
565,SA3875702,GREENFIELD,2022-12-03,1
566,SA3534350,GREENFIELD,2024-09-13,1
567,SA5396205,GREENFIELD,2024-09-13,1
568,SA8784795,ACQUIRED,2024-09-13,1
569,SA1971702,GREENFIELD,2021-07-02,1
570,SA1971702,GREENFIELD,2022-03-17,0
571,SA1971702,GREENFIELD,2022-11-26,1
572,SA7264312,GREENFIELD,2023-09-09,0
573,SA7264312,GREENFIELD,2024-06-20,0
574,SA4024669,GREENFIELD,2024-03-13,0
575,SA4024669,GREENFIELD,2024-06-10,1
576,SA8812660,GREENFIELD,2024-09-13,1
577,SA4098765,GREENFIELD,2023-09-16,0
578,SA4098765,GREENFIELD,2023-11-28,1
579,SA3264497,GREENFIELD,2024-07-15,1
580,SA3264497,GREENFIELD,2024-09-13,1
581,SA5251306,GREENFIELD,2023-02-05,1
582,SA6996633,GREENFIELD,2022-04-15,0
583,SA6996633,GREENFIELD,2022-05-25,0
584,SA2542405,GREENFIELD,2022-12-10,1
585,SA2062870,GREENFIELD,2022-01-17,1
586,SA2062870,GREENFIELD,2022-11-30,1
587,SA8741548,GREENFIELD,2024-09-13,1
588,SA4324990,GREENFIELD,2024-07-25,1
589,SA7313006,GREENFIELD,2023-01-02,1
590,SA7313006,GREENFIELD,2024-04-18,1
591,SA1484943,GREENFIELD,2024-09-13,1
592,SA2862280,GREENFIELD,2024-01-02,1
593,SA6128150,GREENFIELD,2023-05-04,1
594,SA7625815,GREENFIELD,2024-07-24,1
595,SA1179879,GREENFIELD,2024-09-13,1
596,SA7322429,GREENFIELD,2024-09-13,1
597,SA2354058,GREENFIELD,2024-09-13,1
598,SA6337227,GREENFIELD,2023-04-26,1
599,SA5186284,GREENFIELD,2024-08-02,1
600,SA3456458,GREENFIELD,2024-08-24,1
601,SA7774285,GREENFIELD,2023-03-30,1
602,SA3652815,GREENFIELD,2024-09-13,1
603,SA4706719,GREENFIELD,2024-09-13,1
604,SA4461101,GREENFIELD,2024-07-11,0
605,SA4461101,GREENFIELD,2024-09-13,1
606,SA8390151,GREENFIELD,2021-11-25,1
607,SA4388947,GREENFIELD,2023-09-16,0
608,SA6945340,GREENFIELD,2023-12-21,1
609,SA8814454,GREENFIELD,2024-08-09,1
610,SA7423002,GREENFIELD,2023-04-01,0
611,SA7423002,GREENFIELD,2023-06-11,0
612,SA2893070,GREENFIELD,2022-03-29,1
613,SA5441077,WHOLESALE,2024-09-05,1
614,SA1470218,GREENFIELD,2024-09-13,1
615,SA5923439,GREENFIELD,2023-06-02,1
616,SA2068658,GREENFIELD,2024-02-23,0
617,SA2068658,GREENFIELD,2024-07-07,1
618,SA5371341,GREENFIELD,2024-09-13,1
619,SA7181917,GREENFIELD,2024-04-11,1
620,SA7631279,GREENFIELD,2024-09-13,1
621,SA3504653,GREENFIELD,2024-09-13,1
622,SA1910752,GREENFIELD,2024-09-13,1
623,SA7749499,GREENFIELD,2023-07-14,1
624,SA3885967,GREENFIELD,2022-01-11,1
625,SA7918215,WHOLESALE,2023-03-05,0
626,SA7918215,WHOLESALE,2023-08-06,1
627,SA4221793,GREENFIELD,2024-03-21,1
628,SA4221793,GREENFIELD,2024-09-13,1
629,SA8945226,GREENFIELD,2024-09-13,1
630,SA7828546,GREENFIELD,2024-04-15,1
631,SA7828546,GREENFIELD,2024-09-13,1
632,SA1116399,GREENFIELD,2023-03-14,1
633,SA1116399,GREENFIELD,2023-11-24,1
634,SA1925736,ACQUIRED,2022-08-14,1
635,SA2592740,GREENFIELD,2024-09-13,1
636,SA1340864,GREENFIELD,2023-02-13,1
637,SA3635078,GREENFIELD,2024-07-27,1
638,SA5095959,GREENFIELD,2023-12-30,0
639,SA5095959,GREENFIELD,2024-03-21,1
640,SA3067952,GREENFIELD,2023-08-20,1
641,SA3067952,GREENFIELD,2024-09-13,1
642,SA3802249,GREENFIELD,2024-09-13,1
643,SA1433317,GREENFIELD,2024-08-16,1
644,SA6658053,GREENFIELD,2022-04-09,0
645,SA6658053,GREENFIELD,2022-10-03,1
646,SA4624304,WHOLESALE,2024-09-13,1
647,SA1296651,GREENFIELD,2024-01-25,0
648,SA1296651,GREENFIELD,2024-02-17,1
649,SA7145364,GREENFIELD,2024-07-28,1
650,SA5700556,GREENFIELD,2024-09-13,1
651,SA2244317,GREENFIELD,2023-03-08,0
652,SA1860006,GREENFIELD,2024-01-04,0
653,SA6074032,GREENFIELD,2024-07-15,1
654,SA8930299,GREENFIELD,2023-02-18,0
655,SA8930299,GREENFIELD,2023-08-19,0
656,SA6920471,GREENFIELD,2023-05-21,1
657,SA6920471,GREENFIELD,2023-10-09,1
658,SA3511077,GREENFIELD,2023-12-11,0
659,SA3511077,GREENFIELD,2024-01-19,1
660,SA5350743,GREENFIELD,2023-09-04,0
661,SA5350743,GREENFIELD,2023-10-13,1
662,SA7289798,GREENFIELD,2024-03-11,1
663,SA8072770,GREENFIELD,2024-09-13,1
664,SA2240492,GREENFIELD,2023-01-26,1
665,SA1364753,GREENFIELD,2024-02-14,0
666,SA1364753,GREENFIELD,2024-03-06,1
667,SA8467930,GREENFIELD,2023-12-15,1
668,SA8467930,GREENFIELD,2024-09-13,1
669,SA7749606,GREENFIELD,2022-11-16,1
670,SA3529700,GREENFIELD,2022-10-11,1
671,SA2023861,GREENFIELD,2024-09-13,1
672,SA7563140,GREENFIELD,2024-05-23,0
673,SA7563140,GREENFIELD,2024-07-28,1
674,SA6630298,ACQUIRED,2024-09-13,1
675,SA6349415,GREENFIELD,2024-05-16,0
676,SA4092479,GREENFIELD,2023-03-25,0
677,SA1521718,GREENFIELD,2022-09-16,0
678,SA1521718,GREENFIELD,2023-02-19,1
679,SA1077738,GREENFIELD,2024-04-09,1
680,SA1077738,GREENFIELD,2024-09-13,1
681,SA5551060,GREENFIELD,2022-11-21,0
682,SA5551060,GREENFIELD,2023-01-09,1
683,SA6605398,GREENFIELD,2024-09-13,1
684,SA3723236,GREENFIELD,2021-12-15,1
685,SA3723236,GREENFIELD,2022-03-21,0
686,SA3723236,GREENFIELD,2023-01-14,1
687,SA2599224,GREENFIELD,2024-09-13,1
688,SA1357991,GREENFIELD,2022-08-25,1
689,SA5418938,GREENFIELD,2022-11-17,1
690,SA7895658,GREENFIELD,2024-09-13,1
691,SA5312891,GREENFIELD,2024-03-14,1
692,SA3654910,GREENFIELD,2023-04-30,0
693,SA3654910,GREENFIELD,2023-06-29,1
694,SA6493964,GREENFIELD,2024-09-13,1
695,SA7053838,GREENFIELD,2024-06-13,0
696,SA7053838,GREENFIELD,2024-09-13,1
697,SA1735703,GREENFIELD,2024-08-22,1
698,SA2197720,GREENFIELD,2023-03-28,1
699,SA5017479,GREENFIELD,2023-10-05,0
700,SA5017479,GREENFIELD,2024-01-18,1
701,SA1771295,GREENFIELD,2022-09-13,1
702,SA1473486,WHOLESALE,2024-09-13,1
703,SA1617199,GREENFIELD,2022-07-04,1
704,SA1617199,GREENFIELD,2023-10-24,1
705,SA2536300,GREENFIELD,2024-09-12,1
706,SA5758451,GREENFIELD,2024-05-17,1
707,SA5758451,GREENFIELD,2024-09-13,1
708,SA2013377,GREENFIELD,2022-12-30,1
709,SA4862017,GREENFIELD,2024-07-05,1
710,SA3119647,GREENFIELD,2023-10-23,1
711,SA3119647,GREENFIELD,2024-09-13,1
712,SA6485765,GREENFIELD,2022-02-22,0
713,SA5382880,GREENFIELD,2024-03-28,1
714,SA4554566,GREENFIELD,2024-03-12,1
715,SA1270361,GREENFIELD,2023-05-28,0
716,SA1270361,GREENFIELD,2023-08-02,1
717,SA5114321,GREENFIELD,2023-04-29,0
718,SA5114321,GREENFIELD,2023-08-26,1
719,SA5057894,GREENFIELD,2024-09-13,1
720,SA5373282,WHOLESALE,2023-07-24,1
721,SA6466897,GREENFIELD,2024-09-13,1
722,SA7389424,GREENFIELD,2021-08-29,1
723,SA5124000,GREENFIELD,2023-06-18,1
724,SA5124000,GREENFIELD,2024-06-17,1
725,SA8791967,GREENFIELD,2024-09-13,1
726,SA2468549,GREENFIELD,2022-09-04,1
727,SA1050689,GREENFIELD,2024-09-13,1
728,SA2376093,GREENFIELD,2024-09-13,1
729,SA6429990,GREENFIELD,2022-04-10,1
730,SA6429990,GREENFIELD,2023-04-13,1
731,SA3578532,ACQUIRED,2024-09-13,1
732,SA5395486,GREENFIELD,2024-09-11,1
733,SA6678482,GREENFIELD,2022-06-17,0
734,SA7902505,GREENFIELD,2024-06-03,0
735,SA7902505,GREENFIELD,2024-07-12,1
736,SA6618974,GREENFIELD,2023-10-11,0
737,SA6618974,GREENFIELD,2023-12-06,1
738,SA2781219,GREENFIELD,2022-11-08,0
739,SA2781219,GREENFIELD,2023-04-18,1
740,SA3886123,GREENFIELD,2024-02-20,1
741,SA8312178,GREENFIELD,2024-04-13,1
742,SA5151473,GREENFIELD,2024-03-30,1
743,SA4555261,GREENFIELD,2024-09-13,1
744,SA8730968,GREENFIELD,2023-03-08,0
745,SA8730968,GREENFIELD,2023-04-08,1
746,SA8004098,GREENFIELD,2023-08-30,1
747,SA4869175,GREENFIELD,2023-05-05,0
748,SA3679314,GREENFIELD,2023-09-11,0
749,SA3679314,GREENFIELD,2024-03-06,1
750,SA1457759,WHOLESALE,2022-08-21,1
751,SA6175322,GREENFIELD,2024-09-13,1
752,SA5690541,GREENFIELD,2023-06-21,1
753,SA5690541,GREENFIELD,2024-01-12,1
754,SA5792974,GREENFIELD,2023-08-11,1
755,SA5792974,GREENFIELD,2024-09-13,1
756,SA8958824,GREENFIELD,2023-10-31,0
757,SA8958824,GREENFIELD,2024-02-24,1
758,SA6876729,GREENFIELD,2022-12-10,0
759,SA6876729,GREENFIELD,2023-02-22,1
760,SA7638270,GREENFIELD,2024-04-29,1
761,SA2496660,GREENFIELD,2024-08-03,1
762,SA4130045,GREENFIELD,2024-09-13,1
763,SA5112518,GREENFIELD,2024-09-13,1
764,SA4072985,GREENFIELD,2024-09-13,1
765,SA8329090,GREENFIELD,2024-02-11,1
766,SA4038546,GREENFIELD,2024-01-22,1
767,SA4038546,GREENFIELD,2024-09-13,1
768,SA7930290,GREENFIELD,2022-08-29,0
769,SA7930290,GREENFIELD,2022-11-06,1
770,SA6255300,GREENFIELD,2024-07-09,1
771,SA6255300,GREENFIELD,2024-09-13,1
772,SA3770703,GREENFIELD,2024-01-08,1
773,SA4626109,GREENFIELD,2022-04-13,1
774,SA5323383,GREENFIELD,2024-04-18,1
775,SA2068264,GREENFIELD,2024-03-15,0
776,SA1642001,GREENFIELD,2024-08-20,1
777,SA2188457,GREENFIELD,2023-11-24,1
778,SA6969980,GREENFIELD,2024-09-13,1
779,SA3330677,GREENFIELD,2024-05-29,1
780,SA3330677,GREENFIELD,2024-09-13,1
781,SA5226763,GREENFIELD,2023-05-24,1
782,SA7820998,GREENFIELD,2024-09-13,1
783,SA2404209,GREENFIELD,2023-03-11,1
784,SA8510053,GREENFIELD,2023-02-28,0
785,SA8510053,GREENFIELD,2023-06-21,0
786,SA6963814,GREENFIELD,2021-12-06,1
787,SA6963814,GREENFIELD,2022-03-07,0
788,SA6963814,GREENFIELD,2023-09-10,1
789,SA5183620,GREENFIELD,2023-06-08,0
790,SA5183620,GREENFIELD,2023-07-15,1
791,SA1751574,GREENFIELD,2024-08-07,1
792,SA8191682,GREENFIELD,2024-06-30,1
793,SA8191682,GREENFIELD,2024-09-13,1
794,SA4149309,GREENFIELD,2023-06-15,1
795,SA2966160,GREENFIELD,2024-09-13,1
796,SA5033614,GREENFIELD,2024-09-13,1
797,SA4805098,GREENFIELD,2022-11-29,1
798,SA4944020,GREENFIELD,2024-09-13,1
799,SA5141666,GREENFIELD,2022-12-22,1
800,SA2393356,GREENFIELD,2022-10-03,1
801,SA8698042,GREENFIELD,2022-08-27,1
802,SA2294168,GREENFIELD,2024-05-19,0
803,SA2294168,GREENFIELD,2024-09-13,1
804,SA7286634,GREENFIELD,2022-07-02,0
805,SA5975922,GREENFIELD,2023-04-04,0
806,SA5975922,GREENFIELD,2023-07-25,0
807,SA4643411,GREENFIELD,2023-05-27,0
808,SA4643411,GREENFIELD,2023-06-16,1
809,SA8521372,GREENFIELD,2024-09-13,1
810,SA5384820,GREENFIELD,2022-10-01,0
811,SA5384820,GREENFIELD,2022-11-12,1
812,SA3995893,GREENFIELD,2024-09-13,1
813,SA3439756,GREENFIELD,2024-07-03,0
814,SA3439756,GREENFIELD,2024-09-13,1
815,SA2899726,GREENFIELD,2023-02-23,1
816,SA1230271,WHOLESALE,2024-08-08,1
817,SA3757508,GREENFIELD,2024-08-25,1
818,SA5623069,GREENFIELD,2023-08-11,0
819,SA5623069,GREENFIELD,2024-01-14,1
820,SA2535992,GREENFIELD,2023-06-25,0
821,SA2535992,GREENFIELD,2023-12-19,1
822,SA6253194,GREENFIELD,2023-07-24,0
823,SA6253194,GREENFIELD,2023-09-29,1
824,SA2294087,GREENFIELD,2022-09-30,0
825,SA2294087,GREENFIELD,2022-12-10,1
826,SA7730317,GREENFIELD,2024-02-16,1
827,SA7730317,GREENFIELD,2024-09-13,1
828,SA8125849,GREENFIELD,2024-03-14,1
829,SA4113822,GREENFIELD,2024-09-13,1
830,SA1522453,GREENFIELD,2024-09-13,1
831,SA2377063,GREENFIELD,2024-06-06,0
832,SA8991124,GREENFIELD,2023-08-04,1
833,SA8991124,GREENFIELD,2024-09-13,1
834,SA1840521,GREENFIELD,2023-12-12,0
835,SA1840521,GREENFIELD,2024-02-22,0
836,SA2152002,ACQUIRED,2023-11-21,0
837,SA3044228,GREENFIELD,2022-11-23,0
838,SA3044228,GREENFIELD,2023-03-18,0
839,SA4792322,GREENFIELD,2022-08-06,1
840,SA4015951,GREENFIELD,2023-09-20,0
841,SA4015951,GREENFIELD,2023-12-22,0
842,SA2215075,GREENFIELD,2022-09-22,1
843,SA7816766,GREENFIELD,2024-09-13,1
844,SA1054113,GREENFIELD,2024-09-13,1
845,SA7974672,GREENFIELD,2022-12-12,1
846,SA1781734,GREENFIELD,2023-03-06,1
847,SA8773646,GREENFIELD,2024-08-19,1
848,SA8525057,GREENFIELD,2022-05-02,1
849,SA5546989,GREENFIELD,2024-09-13,1
850,SA5475051,GREENFIELD,2023-09-26,0
851,SA2341335,GREENFIELD,2023-01-28,0
852,SA6774772,GREENFIELD,2023-12-20,0
853,SA6774772,GREENFIELD,2024-05-09,1
854,SA8749496,GREENFIELD,2024-05-03,1
855,SA8749496,GREENFIELD,2024-09-13,1
856,SA8503841,GREENFIELD,2024-09-13,1
857,SA8131208,GREENFIELD,2024-09-13,1
858,SA7716031,GREENFIELD,2024-07-01,0
859,SA3813012,GREENFIELD,2024-09-13,1
860,SA1095929,GREENFIELD,2022-09-18,0
861,SA7719442,GREENFIELD,2024-09-13,1
862,SA6112066,GREENFIELD,2024-09-13,1
863,SA2519148,GREENFIELD,2022-08-03,1
864,SA7758383,GREENFIELD,2024-08-29,1
865,SA6465414,GREENFIELD,2023-06-08,0
866,SA6465414,GREENFIELD,2023-07-01,1
867,SA4798086,GREENFIELD,2024-09-13,1
868,SA6284100,GREENFIELD,2024-04-07,0
869,SA6284100,GREENFIELD,2024-09-04,1
870,SA6967503,GREENFIELD,2024-07-23,1
871,SA1662643,GREENFIELD,2024-04-27,1
872,SA8928715,GREENFIELD,2022-05-29,1
873,SA2125818,GREENFIELD,2023-08-31,0
874,SA2125818,GREENFIELD,2024-06-09,0
875,SA6859293,GREENFIELD,2024-09-13,1
876,SA4079314,GREENFIELD,2024-09-13,1
877,SA6594259,GREENFIELD,2024-02-11,1
878,SA8832875,GREENFIELD,2024-09-13,1
879,SA1736477,GREENFIELD,2022-08-04,0
880,SA1736477,GREENFIELD,2023-01-28,0
881,SA5853265,GREENFIELD,2023-02-14,0
882,SA4093195,GREENFIELD,2024-09-13,1
883,SA6821061,WHOLESALE,2022-12-01,1
884,SA5683984,WHOLESALE,2024-08-16,1
885,SA3020441,GREENFIELD,2023-08-05,1
886,SA3020441,GREENFIELD,2024-08-31,1
887,SA7186024,GREENFIELD,2023-10-09,1
888,SA7186024,GREENFIELD,2024-09-13,1
889,SA2277219,GREENFIELD,2022-03-25,1
890,SA2277219,GREENFIELD,2023-04-07,1
891,SA6950611,GREENFIELD,2024-04-02,1
892,SA6950611,GREENFIELD,2024-09-13,1
893,SA3274110,GREENFIELD,2024-09-13,1
894,SA4554003,GREENFIELD,2024-09-13,1
895,SA7401487,GREENFIELD,2024-09-13,1
896,SA2983831,GREENFIELD,2022-04-16,0
897,SA7926517,GREENFIELD,2024-06-29,1
898,SA4016391,GREENFIELD,2023-09-06,1
899,SA4016391,GREENFIELD,2024-04-24,1
900,SA4619463,GREENFIELD,2023-07-31,0
901,SA4619463,GREENFIELD,2023-09-09,1
902,SA3916422,GREENFIELD,2023-11-01,0
903,SA3916422,GREENFIELD,2023-12-11,1
904,SA6546883,GREENFIELD,2024-09-13,1
905,SA2237207,GREENFIELD,2024-09-13,1
906,SA1048239,GREENFIELD,2024-03-10,0
907,SA1048239,GREENFIELD,2024-09-13,0
908,SA7138599,GREENFIELD,2024-09-13,1
909,SA7605817,GREENFIELD,2024-09-13,1
910,SA6952299,GREENFIELD,2023-10-10,1
911,SA1730562,GREENFIELD,2024-09-13,1
912,SA8704026,GREENFIELD,2022-01-02,1
913,SA7296141,GREENFIELD,2024-09-13,1
914,SA5767920,GREENFIELD,2024-09-13,1
915,SA3428629,GREENFIELD,2024-09-13,1
916,SA1152090,GREENFIELD,2024-07-31,1
917,SA3747943,GREENFIELD,2023-01-17,1
918,SA7702387,GREENFIELD,2024-09-13,1
919,SA8853732,GREENFIELD,2024-04-27,1
920,SA8853732,GREENFIELD,2024-09-13,1
921,SA3243588,GREENFIELD,2021-11-11,1
922,SA3243588,GREENFIELD,2022-03-15,0
923,SA3243588,GREENFIELD,2022-10-09,1
924,SA5515528,GREENFIELD,2023-06-11,1
925,SA5449830,GREENFIELD,2024-06-29,1
926,SA5449830,GREENFIELD,2024-09-13,1
927,SA8864948,GREENFIELD,2022-06-25,1
928,SA6091271,GREENFIELD,2022-05-05,1
929,SA7205432,GREENFIELD,2024-08-01,1
930,SA8140499,GREENFIELD,2024-05-28,1
931,SA1810366,GREENFIELD,2022-11-21,0
932,SA1810366,GREENFIELD,2023-03-23,0
933,SA7508299,GREENFIELD,2024-09-13,1
934,SA7821488,GREENFIELD,2023-11-25,1
935,SA8602625,GREENFIELD,2024-06-17,1
936,SA7947881,ACQUIRED,2023-05-07,0
937,SA7947881,ACQUIRED,2023-09-19,1
938,SA7550443,GREENFIELD,2024-01-08,0
939,SA7550443,GREENFIELD,2024-02-25,0
940,SA7039897,GREENFIELD,2023-06-09,1
941,SA7039897,GREENFIELD,2024-09-13,1
942,SA7321604,GREENFIELD,2022-01-21,1
943,SA7321604,GREENFIELD,2022-03-08,0
944,SA7321604,GREENFIELD,2023-06-10,1
945,SA7974424,GREENFIELD,2023-12-26,1
946,SA5556615,GREENFIELD,2024-09-13,1
947,SA2976708,GREENFIELD,2023-08-26,0
948,SA2060418,GREENFIELD,2023-11-19,0
949,SA7280803,GREENFIELD,2024-03-09,1
950,SA7793538,GREENFIELD,2022-09-16,0
951,SA7793538,GREENFIELD,2022-10-09,1
952,SA7928224,GREENFIELD,2023-05-25,0
953,SA7928224,GREENFIELD,2023-07-07,1
954,SA7011827,GREENFIELD,2024-04-25,1
955,SA4919102,GREENFIELD,2023-02-01,1
956,SA4919102,GREENFIELD,2024-04-16,1
957,SA5706951,GREENFIELD,2024-09-13,1
958,SA3782751,GREENFIELD,2022-01-05,0
959,SA3782751,GREENFIELD,2022-05-05,1
960,SA5825383,GREENFIELD,2024-09-13,1
961,SA1598889,GREENFIELD,2024-06-07,1
962,SA5135487,GREENFIELD,2022-02-21,1
963,SA5135487,GREENFIELD,2022-03-12,0
964,SA5135487,GREENFIELD,2023-03-06,1
965,SA8233934,GREENFIELD,2022-08-16,1
966,SA7785437,GREENFIELD,2024-09-13,1
967,SA2460381,GREENFIELD,2023-12-29,0
968,SA2460381,GREENFIELD,2024-04-04,1
969,SA6082169,GREENFIELD,2024-04-02,0
970,SA6082169,GREENFIELD,2024-09-13,1
971,SA1101225,GREENFIELD,2024-06-16,1
972,SA2444516,WHOLESALE,2024-03-02,1
973,SA5370422,GREENFIELD,2022-12-30,0
974,SA5370422,GREENFIELD,2023-04-17,0
975,SA1794683,GREENFIELD,2022-05-07,0
976,SA1794683,GREENFIELD,2022-06-05,1
977,SA6204095,GREENFIELD,2024-01-12,0
978,SA6204095,GREENFIELD,2024-05-12,1
979,SA6933087,GREENFIELD,2024-03-11,1
980,SA1494204,GREENFIELD,2023-06-09,1
981,SA1494204,GREENFIELD,2024-07-23,1
982,SA3876017,GREENFIELD,2024-07-17,1
983,SA8290164,WHOLESALE,2023-12-28,1
984,SA6954569,GREENFIELD,2024-09-13,1
985,SA3497363,GREENFIELD,2023-06-01,0
986,SA3497363,GREENFIELD,2023-12-30,0
987,SA8524320,GREENFIELD,2023-04-25,1
988,SA8524320,GREENFIELD,2024-08-28,1
989,SA2377378,GREENFIELD,2023-09-20,0
990,SA2377378,GREENFIELD,2024-02-08,1
991,SA3097350,GREENFIELD,2024-09-13,1
992,SA4905184,GREENFIELD,2023-09-04,1
993,SA1366518,GREENFIELD,2024-09-13,1
994,SA1570022,GREENFIELD,2024-06-30,1
995,SA5560155,GREENFIELD,2022-07-28,1
996,SA5560155,GREENFIELD,2022-11-09,1
997,SA8553465,GREENFIELD,2022-12-14,1
998,SA8801546,ACQUIRED,2024-07-21,1
999,SA5507864,GREENFIELD,2023-12-10,0
1000,SA7290983,GREENFIELD,2022-12-08,1
1001,SA7290983,GREENFIELD,2023-05-03,1
1002,SA4169692,GREENFIELD,2023-11-16,1
1003,SA6252651,GREENFIELD,2023-10-02,0
1004,SA6252651,GREENFIELD,2024-01-16,1
1005,SA6701134,GREENFIELD,2022-03-08,1
1006,SA5310459,GREENFIELD,2023-05-20,0
1007,SA3258636,GREENFIELD,2024-01-24,1
1008,SA5026145,GREENFIELD,2024-09-13,1
1009,SA3817117,GREENFIELD,2024-06-05,0
1010,SA3817117,GREENFIELD,2024-07-23,1
1011,SA2317055,GREENFIELD,2024-07-03,0
1012,SA2317055,GREENFIELD,2024-09-13,0
1013,SA1265788,GREENFIELD,2024-02-23,0
1014,SA1265788,GREENFIELD,2024-06-29,0
1015,SA4438706,ACQUIRED,2024-06-15,1
1016,SA7531734,GREENFIELD,2023-08-21,1
1017,SA7531734,GREENFIELD,2024-09-13,1
1018,SA2281768,GREENFIELD,2024-01-15,0
1019,SA2281768,GREENFIELD,2024-04-19,1
1020,SA5409854,GREENFIELD,2024-06-28,0
1021,SA5409854,GREENFIELD,2024-09-13,1
1022,SA8772585,GREENFIELD,2021-12-22,0
1023,SA8255271,GREENFIELD,2024-09-13,1
1024,SA6571242,ACQUIRED,2024-02-29,1
1025,SA1722074,GREENFIELD,2023-07-09,0
1026,SA1722074,GREENFIELD,2023-11-05,1
1027,SA6770210,ACQUIRED,2024-01-30,1
1028,SA6770210,ACQUIRED,2024-09-13,1
1029,SA5688469,GREENFIELD,2024-09-13,1
1030,SA1762873,GREENFIELD,2024-04-21,1
1031,SA1762873,GREENFIELD,2024-09-13,1
1032,SA1453605,GREENFIELD,2023-05-11,1
1033,SA8627473,GREENFIELD,2023-09-29,0
1034,SA8627473,GREENFIELD,2024-01-17,0
1035,SA7152566,GREENFIELD,2022-12-14,1
1036,SA7152566,GREENFIELD,2023-10-14,1
1037,SA3909016,GREENFIELD,2022-09-18,0
1038,SA3909016,GREENFIELD,2022-12-12,1
1039,SA8577060,GREENFIELD,2024-04-05,1
1040,SA7702005,GREENFIELD,2024-01-27,1
1041,SA2923977,GREENFIELD,2023-03-15,1
1042,SA2923977,GREENFIELD,2023-08-16,1
1043,SA7584021,GREENFIELD,2024-01-01,0
1044,SA7584021,GREENFIELD,2024-05-16,0
1045,SA3524956,GREENFIELD,2023-05-13,0
1046,SA3524956,GREENFIELD,2023-08-29,1
1047,SA5507707,GREENFIELD,2024-03-23,1
1048,SA7090031,GREENFIELD,2024-02-05,1
1049,SA3080769,GREENFIELD,2022-10-13,0
1050,SA3080769,GREENFIELD,2022-11-23,1
1051,SA7432738,GREENFIELD,2024-09-13,1
1052,SA4597226,GREENFIELD,2024-08-15,1
1053,SA8701094,GREENFIELD,2024-05-08,1
1054,SA6952451,GREENFIELD,2024-04-21,1
1055,SA1958248,GREENFIELD,2024-09-13,1
1056,SA4136998,WHOLESALE,2022-06-14,1
1057,SA1917457,GREENFIELD,2023-09-26,1
1058,SA1025876,GREENFIELD,2024-06-10,1
1059,SA8877044,GREENFIELD,2024-04-30,0
1060,SA2185708,GREENFIELD,2023-01-07,0
1061,SA2185708,GREENFIELD,2023-02-02,1
1062,SA1853425,GREENFIELD,2024-05-18,1
1063,SA1853425,GREENFIELD,2024-09-13,1
1064,SA8970838,GREENFIELD,2022-12-26,1
1065,SA6051153,GREENFIELD,2023-01-14,1
1066,SA1220486,GREENFIELD,2023-09-13,1
1067,SA8199282,GREENFIELD,2022-03-20,0
1068,SA1169725,WHOLESALE,2022-11-21,1
1069,SA3713031,GREENFIELD,2024-09-13,1
1070,SA6475244,GREENFIELD,2022-09-07,0
1071,SA2249648,GREENFIELD,2024-05-19,0
1072,SA2249648,GREENFIELD,2024-09-13,0
1073,SA5560655,GREENFIELD,2023-10-23,1
1074,SA7952260,GREENFIELD,2023-06-26,1
1075,SA8666748,GREENFIELD,2022-05-14,1
1076,SA8666748,GREENFIELD,2023-02-23,1
1077,SA4990266,GREENFIELD,2023-03-21,1
1078,SA4990266,GREENFIELD,2023-10-01,1
1079,SA6844395,GREENFIELD,2024-09-13,1
1080,SA7683688,GREENFIELD,2023-12-05,1
1081,SA7683688,GREENFIELD,2024-04-21,1
1082,SA8428136,GREENFIELD,2023-05-11,1
1083,SA1053551,GREENFIELD,2024-09-13,1
1084,SA2713424,GREENFIELD,2024-07-25,1
1085,SA3675206,GREENFIELD,2024-08-18,1
1086,SA4988481,GREENFIELD,2024-09-02,1
1087,SA3351328,GREENFIELD,2024-09-13,1
1088,SA7430195,ACQUIRED,2024-09-13,1
1089,SA2755791,GREENFIELD,2024-05-29,1
1090,SA6071528,GREENFIELD,2024-09-13,1
1091,SA6231672,GREENFIELD,2024-09-13,1
1092,SA6543874,GREENFIELD,2024-09-13,1
1093,SA7334302,GREENFIELD,2024-09-13,1
1094,SA7159568,GREENFIELD,2024-02-19,0
1095,SA7159568,GREENFIELD,2024-07-31,1
1096,SA1148048,GREENFIELD,2023-02-19,1
1097,SA2883567,GREENFIELD,2024-06-03,1
1098,SA2259857,GREENFIELD,2024-09-13,1
1099,SA2410594,GREENFIELD,2023-07-01,0
1100,SA6771728,ACQUIRED,2023-07-16,0
1101,SA6771728,ACQUIRED,2023-12-07,0
1102,SA8335194,GREENFIELD,2023-11-15,0
1103,SA8335194,GREENFIELD,2024-01-14,1
1104,SA8677861,GREENFIELD,2024-09-13,1
1105,SA2623183,GREENFIELD,2023-11-11,0
1106,SA1640892,WHOLESALE,2022-10-01,0
1107,SA1640892,WHOLESALE,2022-11-07,1
1108,SA7798284,GREENFIELD,2022-12-24,1
1109,SA7798284,GREENFIELD,2024-03-15,1
1110,SA4354403,GREENFIELD,2024-09-13,1
1111,SA6585996,GREENFIELD,2024-09-13,1
1112,SA5849798,GREENFIELD,2023-03-30,1
1113,SA2671325,GREENFIELD,2024-08-12,1
1114,SA1908891,GREENFIELD,2024-07-14,1
1115,SA1908891,GREENFIELD,2024-09-13,1
1116,SA6677850,GREENFIELD,2024-07-09,1
1117,SA6677850,GREENFIELD,2024-09-13,1
1118,SA7566045,GREENFIELD,2024-07-27,1
1119,SA8694603,GREENFIELD,2022-04-22,1
1120,SA1577496,GREENFIELD,2023-08-23,0
1121,SA4200947,WHOLESALE,2022-12-05,0
1122,SA4200947,WHOLESALE,2023-01-27,1
1123,SA6489795,GREENFIELD,2024-09-13,1
1124,SA8971514,GREENFIELD,2021-05-20,1
1125,SA8971514,GREENFIELD,2022-03-10,0
1126,SA8971514,GREENFIELD,2023-03-07,1
1127,SA6129674,GREENFIELD,2024-09-13,1
1128,SA5066498,GREENFIELD,2023-04-15,1
1129,SA7148621,GREENFIELD,2023-11-09,1
1130,SA7148621,GREENFIELD,2024-09-13,1
1131,SA5396617,GREENFIELD,2023-10-31,1
1132,SA1781018,GREENFIELD,2024-04-08,1
1133,SA1781018,GREENFIELD,2024-09-13,1
1134,SA4949497,GREENFIELD,2024-09-13,1
1135,SA3858854,GREENFIELD,2024-06-05,0
1136,SA3858854,GREENFIELD,2024-09-13,1
1137,SA6163584,GREENFIELD,2024-09-13,1
1138,SA4360323,GREENFIELD,2024-08-08,1
1139,SA5342022,GREENFIELD,2024-09-13,1
1140,SA5753314,GREENFIELD,2024-09-13,1
1141,SA2162464,GREENFIELD,2024-01-20,0
1142,SA2162464,GREENFIELD,2024-06-16,1
1143,SA6429320,GREENFIELD,2024-09-13,1
1144,SA4168616,GREENFIELD,2023-01-26,1
1145,SA1567735,GREENFIELD,2022-06-17,1
1146,SA7021422,GREENFIELD,2024-09-13,1
1147,SA1892035,GREENFIELD,2024-09-13,1
1148,SA8208755,GREENFIELD,2023-08-19,0
1149,SA8208755,GREENFIELD,2024-06-10,0
1150,SA1870838,GREENFIELD,2024-08-11,1
1151,SA6008928,GREENFIELD,2023-08-17,0
1152,SA6008928,GREENFIELD,2024-01-10,1
1153,SA7270280,GREENFIELD,2022-05-08,0
1154,SA7270280,GREENFIELD,2022-08-15,1
1155,SA8405563,GREENFIELD,2022-12-20,0
1156,SA8405563,GREENFIELD,2023-08-30,0
1157,SA2363100,GREENFIELD,2024-09-13,1
1158,SA1720202,GREENFIELD,2022-03-15,0
1159,SA1711009,GREENFIELD,2023-01-16,1
1160,SA6224406,GREENFIELD,2024-09-05,1
1161,SA1641955,GREENFIELD,2023-02-11,1
1162,SA1919516,ACQUIRED,2022-07-09,1
1163,SA4808893,GREENFIELD,2022-11-15,1
1164,SA8211253,GREENFIELD,2021-11-20,1
1165,SA8211253,GREENFIELD,2023-03-31,1
1166,SA3782663,GREENFIELD,2024-01-11,1
1167,SA2403566,GREENFIELD,2023-02-22,0
1168,SA2403566,GREENFIELD,2023-05-16,1
1169,SA4661835,GREENFIELD,2023-12-23,1
1170,SA5493219,GREENFIELD,2024-03-20,0
1171,SA5493219,GREENFIELD,2024-06-25,1
1172,SA2215855,GREENFIELD,2022-10-18,1
1173,SA2215855,GREENFIELD,2023-12-23,1
1174,SA1082980,GREENFIELD,2023-06-18,0
1175,SA1082980,GREENFIELD,2023-12-21,0
1176,SA5150589,GREENFIELD,2024-09-13,1
1177,SA7047342,GREENFIELD,2024-09-13,1
1178,SA8572027,GREENFIELD,2022-10-17,0
1179,SA5614416,GREENFIELD,2024-03-27,1
1180,SA8499138,GREENFIELD,2024-03-05,1
1181,SA8499138,GREENFIELD,2024-09-13,1
1182,SA2095503,GREENFIELD,2023-11-12,0
1183,SA2095503,GREENFIELD,2024-01-30,1
1184,SA6140203,ACQUIRED,2024-02-13,1
1185,SA7215495,GREENFIELD,2022-08-26,0
1186,SA7215495,GREENFIELD,2023-06-21,0
1187,SA3793747,GREENFIELD,2023-05-18,0
1188,SA3793747,GREENFIELD,2023-10-26,0
1189,SA5714810,GREENFIELD,2024-01-21,1
1190,SA5714810,GREENFIELD,2024-09-13,1
1191,SA6680625,GREENFIELD,2023-12-07,0
1192,SA6680625,GREENFIELD,2024-02-14,0
1193,SA4418305,GREENFIELD,2024-06-02,1
1194,SA3894704,ACQUIRED,2024-03-14,0
1195,SA4966348,GREENFIELD,2024-03-05,1
1196,SA4530525,ACQUIRED,2024-09-13,1
1197,SA3837896,GREENFIELD,2024-09-13,1
1198,SA1749101,GREENFIELD,2024-01-30,1
1199,SA8854441,GREENFIELD,2022-04-16,1
1200,SA5630931,GREENFIELD,2024-08-23,1
1201,SA8683048,GREENFIELD,2023-08-14,1
1202,SA5253593,GREENFIELD,2024-09-13,1
1203,SA4508482,GREENFIELD,2024-09-13,1
1204,SA7598748,GREENFIELD,2024-03-07,1
1205,SA4105049,GREENFIELD,2024-09-13,1
1206,SA1049936,GREENFIELD,2023-07-02,1
1207,SA8701681,GREENFIELD,2023-10-26,1
1208,SA6100803,GREENFIELD,2023-03-16,0
1209,SA6100803,GREENFIELD,2023-11-24,0
1210,SA1159416,GREENFIELD,2023-01-03,0
1211,SA1159416,GREENFIELD,2023-02-02,1
1212,SA8768202,GREENFIELD,2024-09-13,1
1213,SA1659386,ACQUIRED,2024-03-07,0
1214,SA1659386,ACQUIRED,2024-08-20,1
1215,SA3557154,GREENFIELD,2024-01-30,1
1216,SA2625032,GREENFIELD,2024-09-13,1
1217,SA4259732,GREENFIELD,2023-11-01,1
1218,SA5727873,GREENFIELD,2024-07-17,1
1219,SA3655122,GREENFIELD,2024-05-07,1
1220,SA6015063,WHOLESALE,2024-09-13,1
1221,SA7836415,GREENFIELD,2023-12-04,0
1222,SA6870740,GREENFIELD,2024-01-22,1
1223,SA1316648,GREENFIELD,2024-05-11,0
1224,SA1316648,GREENFIELD,2024-09-13,0
1225,SA3437557,GREENFIELD,2023-01-31,1
1226,SA3437557,GREENFIELD,2023-07-22,1
1227,SA8566396,GREENFIELD,2024-09-13,1
1228,SA8159526,GREENFIELD,2023-12-11,0
1229,SA8159526,GREENFIELD,2024-02-25,1
1230,SA8588857,GREENFIELD,2023-12-28,1
1231,SA3692654,GREENFIELD,2022-12-20,0
1232,SA3692654,GREENFIELD,2023-02-25,1
1233,SA8699919,GREENFIELD,2022-02-15,0
1234,SA1382407,GREENFIELD,2022-01-05,1
1235,SA1382407,GREENFIELD,2022-03-09,0
1236,SA1382407,GREENFIELD,2023-02-11,1
1237,SA7714664,ACQUIRED,2024-09-13,1
1238,SA6330974,GREENFIELD,2024-06-10,0
1239,SA4163178,GREENFIELD,2022-08-04,1
1240,SA4163178,GREENFIELD,2023-07-24,1
1241,SA6095018,GREENFIELD,2024-01-17,1
1242,SA7360276,GREENFIELD,2024-09-13,1
1243,SA2463772,GREENFIELD,2022-06-16,1
1244,SA2308549,GREENFIELD,2024-04-20,1
1245,SA4437720,ACQUIRED,2023-09-19,1
1246,SA4437720,ACQUIRED,2024-01-15,1
1247,SA1306066,ACQUIRED,2023-03-02,0
1248,SA1306066,ACQUIRED,2023-06-05,1
1249,SA5230014,GREENFIELD,2024-03-18,1
1250,SA2624417,GREENFIELD,2024-07-06,1
1251,SA5949780,GREENFIELD,2024-09-13,1
1252,SA2194261,GREENFIELD,2024-03-01,1
1253,SA2248680,GREENFIELD,2023-02-18,1
1254,SA5714851,GREENFIELD,2021-10-21,1
1255,SA5714851,GREENFIELD,2023-02-21,1
1256,SA3196133,GREENFIELD,2024-09-13,1
1257,SA4472297,GREENFIELD,2023-02-20,0
1258,SA8403787,GREENFIELD,2024-09-13,1
1259,SA8250392,GREENFIELD,2024-09-13,1
1260,SA7420789,GREENFIELD,2024-09-13,1
1261,SA8195799,GREENFIELD,2024-02-11,1
1262,SA1744167,GREENFIELD,2023-04-20,0
1263,SA1744167,GREENFIELD,2023-06-27,1
1264,SA4419342,GREENFIELD,2023-01-18,1
1265,SA4419342,GREENFIELD,2023-04-27,1
1266,SA3149529,GREENFIELD,2021-12-23,1
1267,SA3149529,GREENFIELD,2023-02-14,1
1268,SA7113612,GREENFIELD,2023-08-05,1
1269,SA2168437,GREENFIELD,2024-09-13,1
1270,SA7720080,GREENFIELD,2024-09-13,1
1271,SA7410945,GREENFIELD,2024-04-21,1
1272,SA1623528,GREENFIELD,2023-09-26,1
1273,SA1650154,GREENFIELD,2024-09-13,1
1274,SA7662356,GREENFIELD,2023-05-27,1
1275,SA4391422,GREENFIELD,2024-06-12,1
1276,SA2864392,GREENFIELD,2023-07-03,1
1277,SA2864392,GREENFIELD,2023-11-06,1
1278,SA4651038,GREENFIELD,2022-07-19,1
1279,SA4651038,GREENFIELD,2023-01-18,1
1280,SA5614771,GREENFIELD,2024-09-13,1
1281,SA5364941,GREENFIELD,2023-10-06,0
1282,SA4950855,GREENFIELD,2023-05-02,0
1283,SA4950855,GREENFIELD,2023-12-09,0
1284,SA1590661,GREENFIELD,2024-09-13,1
1285,SA3035325,GREENFIELD,2023-12-21,1
1286,SA4820765,GREENFIELD,2024-09-13,1
1287,SA1470083,GREENFIELD,2023-04-15,1
1288,SA1470083,GREENFIELD,2024-08-19,1
1289,SA6878249,GREENFIELD,2022-11-28,1
1290,SA3411040,GREENFIELD,2024-01-27,0
1291,SA3411040,GREENFIELD,2024-03-12,1
1292,SA1663638,GREENFIELD,2024-05-15,0
1293,SA6911264,GREENFIELD,2022-09-19,0
1294,SA6911264,GREENFIELD,2022-11-27,1
1295,SA3887001,GREENFIELD,2024-09-13,1
1296,SA1432320,GREENFIELD,2024-02-06,1
1297,SA7616956,GREENFIELD,2021-08-21,1
1298,SA7616956,GREENFIELD,2022-03-19,0
1299,SA7616956,GREENFIELD,2023-07-28,1
1300,SA8645057,GREENFIELD,2024-09-13,1
1301,SA1655691,GREENFIELD,2024-01-23,1
1302,SA8727270,GREENFIELD,2022-09-16,1
1303,SA1087208,WHOLESALE,2024-02-16,1
1304,SA8357441,GREENFIELD,2024-06-15,0
1305,SA7954606,GREENFIELD,2024-09-13,1
1306,SA1535797,GREENFIELD,2022-07-12,1
1307,SA2662178,GREENFIELD,2023-04-07,1
1308,SA4850352,GREENFIELD,2024-06-13,0
1309,SA4850352,GREENFIELD,2024-09-13,0
1310,SA7171288,GREENFIELD,2021-10-11,1
1311,SA7171288,GREENFIELD,2022-03-10,0
1312,SA7171288,GREENFIELD,2022-12-31,1
1313,SA2131377,GREENFIELD,2024-05-28,1
1314,SA2131377,GREENFIELD,2024-09-13,1
1315,SA3206975,GREENFIELD,2023-03-14,1
1316,SA1921870,GREENFIELD,2022-11-19,1
1317,SA7180049,GREENFIELD,2023-09-08,0
1318,SA7180049,GREENFIELD,2023-12-08,1
1319,SA6967216,GREENFIELD,2024-06-05,1
1320,SA6407268,GREENFIELD,2023-06-04,1
1321,SA6663244,GREENFIELD,2024-01-23,1
1322,SA8477032,GREENFIELD,2024-07-07,1
1323,SA8477032,GREENFIELD,2024-09-13,1
1324,SA4433288,ACQUIRED,2023-11-16,1
1325,SA7564318,GREENFIELD,2024-09-13,1
1326,SA3540344,GREENFIELD,2024-02-12,1
1327,SA4562715,GREENFIELD,2022-10-03,0
1328,SA4562715,GREENFIELD,2022-12-09,1
1329,SA1977823,GREENFIELD,2024-07-28,1
1330,SA2032432,GREENFIELD,2024-09-13,1
1331,SA7379142,WHOLESALE,2024-08-11,1
1332,SA1693023,GREENFIELD,2022-01-22,1
1333,SA1693023,GREENFIELD,2022-03-01,0
1334,SA1693023,GREENFIELD,2023-01-22,1
1335,SA5315360,GREENFIELD,2022-08-01,0
1336,SA5315360,GREENFIELD,2023-01-12,1
1337,SA7821174,GREENFIELD,2024-05-25,1
1338,SA5486515,GREENFIELD,2023-01-06,1
1339,SA7747539,ACQUIRED,2024-03-19,0
1340,SA7469884,GREENFIELD,2024-09-13,1
1341,SA2727140,GREENFIELD,2023-07-23,1
1342,SA5839529,GREENFIELD,2024-03-06,1
1343,SA6621032,GREENFIELD,2024-08-31,1
1344,SA5514173,GREENFIELD,2023-05-03,0
1345,SA4571065,GREENFIELD,2023-10-22,1
1346,SA4571065,GREENFIELD,2024-02-20,1
1347,SA6903564,GREENFIELD,2024-02-28,0
1348,SA3244868,GREENFIELD,2024-09-13,1
1349,SA5783556,GREENFIELD,2022-01-20,1
1350,SA5783556,GREENFIELD,2022-12-12,1
1351,SA5346731,GREENFIELD,2024-01-01,1
1352,SA5849080,GREENFIELD,2023-09-16,0
1353,SA5849080,GREENFIELD,2023-11-23,0
1354,SA7873136,GREENFIELD,2023-10-03,1
1355,SA6846261,GREENFIELD,2023-12-12,0
1356,SA6846261,GREENFIELD,2024-05-22,0
1357,SA7332264,GREENFIELD,2022-03-23,1
1358,SA5173528,GREENFIELD,2024-07-10,1
1359,SA5173528,GREENFIELD,2024-09-13,1
1360,SA5226984,GREENFIELD,2024-06-03,0
1361,SA5226984,GREENFIELD,2024-09-13,1
1362,SA2247604,GREENFIELD,2022-07-14,0
1363,SA2247604,GREENFIELD,2023-02-25,0
1364,SA3586051,GREENFIELD,2024-06-06,0
1365,SA3586051,GREENFIELD,2024-09-13,0
1366,SA3816011,GREENFIELD,2022-08-29,1
1367,SA4816740,WHOLESALE,2023-10-26,1
1368,SA2096016,ACQUIRED,2024-03-10,1
1369,SA2096016,ACQUIRED,2024-09-13,1
1370,SA5491870,GREENFIELD,2024-09-13,1
1371,SA4813308,GREENFIELD,2024-01-22,1
1372,SA6719652,GREENFIELD,2023-12-25,0
1373,SA6719652,GREENFIELD,2024-02-29,1
1374,SA1775787,GREENFIELD,2024-06-27,1
1375,SA1775787,GREENFIELD,2024-09-13,1
1376,SA7880682,GREENFIELD,2024-09-13,1
1377,SA4933156,GREENFIELD,2023-04-07,0
1378,SA2869972,GREENFIELD,2022-06-15,1
1379,SA1437303,GREENFIELD,2022-06-12,1
1380,SA4116184,GREENFIELD,2023-05-09,1
1381,SA4116184,GREENFIELD,2024-03-07,1
1382,SA1203376,GREENFIELD,2024-07-30,1
1383,SA3900356,GREENFIELD,2024-07-30,1
1384,SA6973779,GREENFIELD,2021-07-10,1
1385,SA6973779,GREENFIELD,2022-03-14,0
1386,SA6973779,GREENFIELD,2022-09-21,1
1387,SA3932532,GREENFIELD,2023-09-29,1
1388,SA3528922,GREENFIELD,2024-09-13,1
1389,SA1847517,GREENFIELD,2024-09-13,1
1390,SA5418634,GREENFIELD,2024-09-13,1
1391,SA5358892,GREENFIELD,2023-12-08,0
1392,SA5358892,GREENFIELD,2024-05-24,1
1393,SA6693768,GREENFIELD,2024-04-28,1
1394,SA8271916,GREENFIELD,2024-09-13,1
1395,SA5246632,GREENFIELD,2022-07-26,1
1396,SA2875972,GREENFIELD,2021-04-23,1
1397,SA2875972,GREENFIELD,2022-03-15,0
1398,SA2875972,GREENFIELD,2023-05-31,1
1399,SA4771239,GREENFIELD,2024-09-13,1
1400,SA8469961,GREENFIELD,2024-08-15,1
1401,SA8587466,GREENFIELD,2024-07-31,1
1402,SA3986574,GREENFIELD,2023-08-16,1
1403,SA3986574,GREENFIELD,2024-04-06,1
1404,SA2606817,GREENFIELD,2024-09-13,1
1405,SA5804273,GREENFIELD,2024-01-12,1
1406,SA5111189,GREENFIELD,2024-09-13,1
1407,SA4432708,ACQUIRED,2024-05-19,1
1408,SA2886123,GREENFIELD,2023-04-06,1
1409,SA2886123,GREENFIELD,2023-09-04,1
1410,SA2619779,GREENFIELD,2024-04-18,0
1411,SA2619779,GREENFIELD,2024-08-07,1
1412,SA1302502,GREENFIELD,2024-08-12,1
1413,SA2889492,GREENFIELD,2022-09-10,0
1414,SA2889492,GREENFIELD,2023-02-19,1
1415,SA5693732,GREENFIELD,2024-09-13,1
1416,SA4269235,GREENFIELD,2024-09-13,1
1417,SA1929487,GREENFIELD,2024-06-25,1
1418,SA2714508,WHOLESALE,2024-09-13,1
1419,SA8467137,GREENFIELD,2022-06-25,0
1420,SA8467137,GREENFIELD,2022-09-26,1
1421,SA3275393,GREENFIELD,2024-09-13,1
1422,SA8288861,GREENFIELD,2022-07-18,1
1423,SA8826024,ACQUIRED,2024-09-13,1
1424,SA6784868,GREENFIELD,2022-08-28,1
1425,SA4574405,GREENFIELD,2024-09-13,1
1426,SA2217605,GREENFIELD,2024-06-04,0
1427,SA2217605,GREENFIELD,2024-09-13,1
1428,SA6388326,GREENFIELD,2024-06-05,0
1429,SA6388326,GREENFIELD,2024-09-13,0
1430,SA6940066,GREENFIELD,2024-09-13,1
1431,SA1582156,GREENFIELD,2023-06-28,1
1432,SA8500506,GREENFIELD,2023-03-25,1
1433,SA1671618,GREENFIELD,2024-09-13,1
1434,SA8760599,GREENFIELD,2023-10-29,1
1435,SA5798240,GREENFIELD,2023-09-23,1
1436,SA4825184,GREENFIELD,2022-12-18,1
1437,SA1631839,ACQUIRED,2022-08-25,1
1438,SA1650311,GREENFIELD,2024-04-16,1
1439,SA1650311,GREENFIELD,2024-09-13,1
1440,SA4001620,GREENFIELD,2022-12-27,0
1441,SA4001620,GREENFIELD,2023-06-14,1
1442,SA4751661,GREENFIELD,2024-09-02,1
1443,SA6262048,GREENFIELD,2022-10-30,1
1444,SA7858211,GREENFIELD,2023-07-20,0
1445,SA7858211,GREENFIELD,2024-05-08,0
1446,SA2483309,GREENFIELD,2023-01-15,0
1447,SA2483309,GREENFIELD,2023-07-08,1
1448,SA8229003,GREENFIELD,2023-05-10,0
1449,SA2835912,GREENFIELD,2022-04-22,0
1450,SA1334091,GREENFIELD,2024-09-13,1
1451,SA6058100,GREENFIELD,2024-09-13,1
1452,SA7495857,GREENFIELD,2023-12-30,1
1453,SA1430423,GREENFIELD,2023-02-18,1
1454,SA2739308,ACQUIRED,2023-10-17,1
1455,SA6633898,GREENFIELD,2024-01-17,1
1456,SA1450274,GREENFIELD,2023-10-24,1
1457,SA2410865,GREENFIELD,2024-05-01,1
1458,SA2410865,GREENFIELD,2024-09-13,1
1459,SA4163813,GREENFIELD,2024-09-13,1
1460,SA6486088,GREENFIELD,2023-03-18,1
1461,SA4679009,GREENFIELD,2024-08-27,1
1462,SA2767317,GREENFIELD,2024-09-13,1
1463,SA1679133,GREENFIELD,2024-08-04,1
1464,SA3686311,GREENFIELD,2023-11-05,1
1465,SA2865976,GREENFIELD,2022-05-12,1
1466,SA8550808,GREENFIELD,2023-03-28,0
1467,SA8550808,GREENFIELD,2023-04-28,1
1468,SA8325088,GREENFIELD,2024-09-13,1
1469,SA1816751,GREENFIELD,2023-10-07,0
1470,SA1816751,GREENFIELD,2024-04-03,1
1471,SA4224781,GREENFIELD,2024-09-13,1
1472,SA2802449,GREENFIELD,2024-09-13,1
1473,SA3565632,GREENFIELD,2023-04-29,1
1474,SA3565632,GREENFIELD,2024-04-09,1
1475,SA4700346,GREENFIELD,2024-08-18,1
1476,SA1952590,GREENFIELD,2024-05-09,1
1477,SA1952590,GREENFIELD,2024-09-13,1
1478,SA8167523,GREENFIELD,2023-10-03,1
1479,SA8167523,GREENFIELD,2024-08-26,1
1480,SA8113387,GREENFIELD,2023-06-12,1
1481,SA8113387,GREENFIELD,2024-01-22,1
1482,SA8248182,GREENFIELD,2024-02-05,1
1483,SA4648545,GREENFIELD,2022-04-12,1
1484,SA4648545,GREENFIELD,2023-01-12,1
1485,SA3296768,GREENFIELD,2024-09-13,1
1486,SA5346584,GREENFIELD,2024-09-13,1
1487,SA5223629,GREENFIELD,2024-02-13,1
1488,SA6386343,GREENFIELD,2022-11-12,1
1489,SA1762821,GREENFIELD,2023-05-28,1
1490,SA1762821,GREENFIELD,2023-12-12,1
1491,SA3398425,GREENFIELD,2024-09-13,1
1492,SA8977676,GREENFIELD,2024-09-13,1
1493,SA8425779,GREENFIELD,2022-07-01,1
1494,SA5128753,GREENFIELD,2022-12-19,1
1495,SA2692005,GREENFIELD,2023-10-18,0
1496,SA2692005,GREENFIELD,2023-12-03,1
1497,SA8704950,GREENFIELD,2024-09-13,1
1498,SA7089772,GREENFIELD,2024-01-09,0
1499,SA7089772,GREENFIELD,2024-09-06,0
1500,SA7674017,GREENFIELD,2023-09-28,1
1501,SA5519339,GREENFIELD,2023-07-24,1
1502,SA1247177,GREENFIELD,2022-11-09,0
1503,SA1247177,GREENFIELD,2022-12-20,1
1504,SA4894146,GREENFIELD,2023-06-11,1
1505,SA5082150,GREENFIELD,2023-09-11,1
1506,SA4804603,GREENFIELD,2021-08-22,1
1507,SA4804603,GREENFIELD,2022-03-03,0
1508,SA4804603,GREENFIELD,2022-12-27,1
1509,SA7273367,GREENFIELD,2024-09-13,1
1510,SA7463374,GREENFIELD,2024-08-02,1
1511,SA1234694,GREENFIELD,2024-09-13,1
1512,SA6121563,GREENFIELD,2024-09-13,1
1513,SA6996606,GREENFIELD,2023-10-05,1
1514,SA8746686,GREENFIELD,2024-09-13,1
1515,SA6407086,GREENFIELD,2024-09-13,1
1516,SA5331090,GREENFIELD,2024-01-14,0
1517,SA5331090,GREENFIELD,2024-07-18,0
1518,SA7438553,ACQUIRED,2023-02-19,1
1519,SA8580448,WHOLESALE,2023-04-28,1
1520,SA2411246,GREENFIELD,2024-06-04,0
1521,SA2411246,GREENFIELD,2024-07-01,1
1522,SA6527856,GREENFIELD,2024-09-13,1
1523,SA2120456,GREENFIELD,2024-09-13,1
1524,SA7314054,GREENFIELD,2022-12-14,1
1525,SA7065950,GREENFIELD,2024-07-25,1
1526,SA6569507,GREENFIELD,2023-08-28,1
1527,SA2379771,ACQUIRED,2021-12-27,1
1528,SA2379771,ACQUIRED,2022-03-04,0
1529,SA2379771,ACQUIRED,2023-01-11,1
1530,SA4915929,ACQUIRED,2024-09-13,1
1531,SA4334930,GREENFIELD,2023-10-13,1
1532,SA4545841,GREENFIELD,2023-02-10,0
1533,SA4545841,GREENFIELD,2023-04-14,0
1534,SA8151138,GREENFIELD,2022-12-16,1
1535,SA8151138,GREENFIELD,2023-06-04,1
1536,SA3770326,GREENFIELD,2024-09-13,1
1537,SA3940356,GREENFIELD,2023-11-02,1
1538,SA4287981,GREENFIELD,2024-06-25,1
1539,SA4287981,GREENFIELD,2024-09-13,1
1540,SA8328459,GREENFIELD,2024-09-13,1
1541,SA1323852,GREENFIELD,2023-04-29,1
1542,SA1919429,GREENFIELD,2024-05-13,1
1543,SA7507458,GREENFIELD,2024-09-13,1
1544,SA3594513,GREENFIELD,2023-05-19,1
1545,SA7780734,GREENFIELD,2024-09-13,1
1546,SA3471434,GREENFIELD,2021-11-02,1
1547,SA3471434,GREENFIELD,2022-03-17,0
1548,SA3471434,GREENFIELD,2022-12-31,1
1549,SA5529258,GREENFIELD,2024-09-13,1
1550,SA1775644,GREENFIELD,2024-07-15,1
1551,SA5721538,GREENFIELD,2024-09-13,1
1552,SA6690050,GREENFIELD,2023-07-11,1
1553,SA6690050,GREENFIELD,2024-06-13,1
1554,SA5480265,GREENFIELD,2024-09-13,1
1555,SA3275476,GREENFIELD,2024-04-26,1
1556,SA6986408,GREENFIELD,2023-10-14,0
1557,SA6986408,GREENFIELD,2024-07-20,0
1558,SA2038455,GREENFIELD,2022-06-05,1
1559,SA2038455,GREENFIELD,2023-05-16,1
1560,SA7892594,GREENFIELD,2023-04-28,0
1561,SA7892594,GREENFIELD,2023-08-12,1
1562,SA4944193,GREENFIELD,2023-11-19,1
1563,SA6409227,GREENFIELD,2024-07-15,0
1564,SA6409227,GREENFIELD,2024-09-13,0
1565,SA2783194,GREENFIELD,2023-03-19,1
1566,SA2190857,GREENFIELD,2023-08-24,1
1567,SA7805611,GREENFIELD,2024-09-13,1
1568,SA5449671,GREENFIELD,2022-10-31,1
1569,SA3810536,GREENFIELD,2024-06-30,1
1570,SA6395171,GREENFIELD,2022-08-24,0
1571,SA7222786,GREENFIELD,2024-09-13,1
1572,SA3514143,GREENFIELD,2023-10-01,1
1573,SA3514143,GREENFIELD,2024-05-17,1
1574,SA2515214,GREENFIELD,2023-02-20,0
1575,SA6198710,ACQUIRED,2022-08-01,0
1576,SA7641959,GREENFIELD,2022-01-31,1
1577,SA1091444,GREENFIELD,2024-05-21,1
1578,SA1091444,GREENFIELD,2024-09-13,1
1579,SA3073714,GREENFIELD,2022-01-11,1
1580,SA3073714,GREENFIELD,2022-03-08,0
1581,SA3073714,GREENFIELD,2022-12-20,1
1582,SA7668409,GREENFIELD,2023-11-26,0
1583,SA7668409,GREENFIELD,2024-01-10,0
1584,SA7041483,GREENFIELD,2024-03-18,0
1585,SA2018485,GREENFIELD,2023-10-08,1
1586,SA1597628,GREENFIELD,2024-04-07,0
1587,SA1597628,GREENFIELD,2024-06-10,0
1588,SA1925394,GREENFIELD,2023-05-30,0
1589,SA1925394,GREENFIELD,2023-11-17,0
1590,SA3473941,GREENFIELD,2024-06-22,1
1591,SA1042700,GREENFIELD,2022-12-12,1
1592,SA3519881,GREENFIELD,2022-06-29,0
1593,SA1353933,GREENFIELD,2024-09-13,1
1594,SA8296903,GREENFIELD,2024-05-12,1
1595,SA3659530,GREENFIELD,2024-09-13,1
1596,SA3321649,GREENFIELD,2024-05-27,1
1597,SA5495660,GREENFIELD,2024-05-10,1
1598,SA4641293,GREENFIELD,2023-06-01,0
1599,SA4641293,GREENFIELD,2023-07-30,1
1600,SA1283167,GREENFIELD,2024-09-13,1
1601,SA6699499,GREENFIELD,2023-01-13,1
1602,SA7467383,GREENFIELD,2021-07-26,0
1603,SA6998537,GREENFIELD,2022-10-24,1
1604,SA6411252,GREENFIELD,2024-08-05,1
1605,SA1923207,GREENFIELD,2022-01-25,0
1606,SA1923207,GREENFIELD,2022-04-26,0
1607,SA6336353,GREENFIELD,2022-07-09,1
1608,SA4507674,GREENFIELD,2022-01-28,1
1609,SA4507674,GREENFIELD,2022-03-16,0
1610,SA4507674,GREENFIELD,2022-09-25,1
1611,SA3287189,GREENFIELD,2022-06-15,1
1612,SA8950743,GREENFIELD,2024-09-13,1
1613,SA3628646,GREENFIELD,2023-06-07,1
1614,SA3628646,GREENFIELD,2024-04-21,1
1615,SA1913415,GREENFIELD,2024-09-13,1
1616,SA5528420,GREENFIELD,2024-07-04,0
1617,SA5528420,GREENFIELD,2024-09-13,1
1618,SA5815756,GREENFIELD,2024-04-10,1
1619,SA8609830,ACQUIRED,2024-09-13,1
1620,SA4835528,WHOLESALE,2023-01-02,0
1621,SA4835528,WHOLESALE,2023-02-13,1
1622,SA1316555,WHOLESALE,2022-07-01,0
1623,SA4322302,GREENFIELD,2024-09-13,1
1624,SA6902822,ACQUIRED,2023-10-31,0
1625,SA6902822,ACQUIRED,2024-01-05,1
1626,SA2241964,GREENFIELD,2023-09-24,1
1627,SA7592326,GREENFIELD,2024-09-13,1
1628,SA8353412,GREENFIELD,2023-11-13,1
1629,SA8353412,GREENFIELD,2024-09-13,1
1630,SA3079694,GREENFIELD,2024-01-24,1
1631,SA3079694,GREENFIELD,2024-09-13,1
1632,SA3118337,GREENFIELD,2023-11-06,1
1633,SA7447739,GREENFIELD,2024-03-23,0
1634,SA2783774,GREENFIELD,2022-02-18,1
1635,SA2783774,GREENFIELD,2022-03-01,0
1636,SA2783774,GREENFIELD,2022-12-26,1
1637,SA7035104,GREENFIELD,2024-09-13,1
1638,SA3003877,GREENFIELD,2024-02-19,1
1639,SA3003877,GREENFIELD,2024-09-13,1
1640,SA6661350,GREENFIELD,2024-09-13,1
1641,SA4249885,GREENFIELD,2024-06-03,1
1642,SA4842324,WHOLESALE,2024-09-13,1
1643,SA6144766,GREENFIELD,2023-10-23,0
1644,SA6144766,GREENFIELD,2024-04-25,0
1645,SA5044871,GREENFIELD,2024-09-13,1
1646,SA8890471,GREENFIELD,2024-09-13,1
1647,SA5744573,GREENFIELD,2024-05-13,1
1648,SA3984979,GREENFIELD,2024-06-20,0
1649,SA7835529,GREENFIELD,2024-01-13,1
1650,SA8659714,GREENFIELD,2024-01-26,1
1651,SA4512270,GREENFIELD,2024-08-10,1
1652,SA6023772,GREENFIELD,2024-09-13,1
1653,SA1663290,GREENFIELD,2024-09-13,1
1654,SA4002326,GREENFIELD,2024-09-13,1
1655,SA6412833,ACQUIRED,2023-01-26,1
1656,SA4031516,GREENFIELD,2024-07-12,1
1657,SA4031516,GREENFIELD,2024-09-13,1
1658,SA3426400,GREENFIELD,2023-04-04,1
1659,SA3426400,GREENFIELD,2023-09-12,1
1660,SA2949762,GREENFIELD,2024-08-06,1
1661,SA8735038,GREENFIELD,2023-09-18,1
1662,SA1942171,GREENFIELD,2024-09-13,1
1663,SA7310367,GREENFIELD,2023-10-01,1
1664,SA7310367,GREENFIELD,2024-07-23,1
1665,SA6784355,GREENFIELD,2023-12-27,1
1666,SA5604382,GREENFIELD,2022-07-16,1
1667,SA5604382,GREENFIELD,2023-02-23,1
1668,SA7021721,GREENFIELD,2024-03-01,1
1669,SA7021721,GREENFIELD,2024-09-13,1
1670,SA8393615,GREENFIELD,2021-09-26,1
1671,SA8393615,GREENFIELD,2022-03-09,0
1672,SA8393615,GREENFIELD,2023-02-06,1
1673,SA7757236,GREENFIELD,2024-05-09,1
1674,SA7757236,GREENFIELD,2024-09-13,1
1675,SA5566970,GREENFIELD,2024-08-10,1
1676,SA5851778,GREENFIELD,2024-09-13,1
1677,SA6747218,GREENFIELD,2024-09-13,1
1678,SA1509971,GREENFIELD,2024-09-13,1
1679,SA5047232,GREENFIELD,2024-08-02,1
1680,SA2485439,GREENFIELD,2024-08-14,1
1681,SA6666722,GREENFIELD,2023-09-06,1
1682,SA6585599,WHOLESALE,2023-09-11,1
1683,SA6585599,WHOLESALE,2024-05-22,1
1684,SA5308098,GREENFIELD,2024-01-15,0
1685,SA3171262,GREENFIELD,2024-01-18,1
1686,SA5684591,GREENFIELD,2023-09-23,0
1687,SA5684591,GREENFIELD,2023-10-31,0
1688,SA1931830,GREENFIELD,2024-09-13,1
1689,SA7758473,GREENFIELD,2023-01-12,0
1690,SA7758473,GREENFIELD,2023-05-21,1
1691,SA4834546,GREENFIELD,2024-09-13,1
1692,SA8026749,GREENFIELD,2023-06-30,1
1693,SA1847273,GREENFIELD,2024-09-13,1
1694,SA4274080,GREENFIELD,2024-06-18,1
1695,SA3528967,GREENFIELD,2024-09-12,1
1696,SA2968195,GREENFIELD,2024-03-27,0
1697,SA2968195,GREENFIELD,2024-06-20,0
1698,SA4450063,GREENFIELD,2024-04-08,1
1699,SA3187816,GREENFIELD,2023-06-11,0
1700,SA4212459,GREENFIELD,2024-09-13,1
1701,SA3316095,GREENFIELD,2024-07-28,1
1702,SA1738370,GREENFIELD,2024-05-22,1
1703,SA1254056,GREENFIELD,2022-10-06,0
1704,SA1254056,GREENFIELD,2023-03-05,1
1705,SA4489084,GREENFIELD,2023-12-04,1
1706,SA4489084,GREENFIELD,2024-09-13,1
1707,SA8261847,GREENFIELD,2024-09-13,1
1708,SA1830260,GREENFIELD,2023-06-07,1
1709,SA1088481,GREENFIELD,2024-09-13,1
1710,SA4777295,GREENFIELD,2024-04-17,0
1711,SA4777295,GREENFIELD,2024-09-13,0
1712,SA6765908,GREENFIELD,2024-04-10,1
1713,SA6813502,GREENFIELD,2021-08-17,1
1714,SA6813502,GREENFIELD,2022-03-12,0
1715,SA6813502,GREENFIELD,2023-11-11,1
1716,SA1884426,GREENFIELD,2023-01-11,1
1717,SA1884426,GREENFIELD,2024-04-11,1
1718,SA3952663,GREENFIELD,2024-09-13,1
1719,SA8445053,GREENFIELD,2024-05-06,0
1720,SA8445053,GREENFIELD,2024-09-13,0
1721,SA5082485,GREENFIELD,2024-02-28,0
1722,SA5082485,GREENFIELD,2024-06-30,1
1723,SA5973986,GREENFIELD,2024-05-30,0
1724,SA5973986,GREENFIELD,2024-09-13,1
1725,SA4387413,GREENFIELD,2024-05-10,1
1726,SA4387413,GREENFIELD,2024-09-13,1
1727,SA1247647,GREENFIELD,2024-09-13,1
1728,SA1956022,GREENFIELD,2024-04-08,0
1729,SA1956022,GREENFIELD,2024-06-28,1
1730,SA4023477,GREENFIELD,2022-11-29,0
1731,SA8402292,GREENFIELD,2024-05-17,1
1732,SA6060792,GREENFIELD,2024-09-01,1
1733,SA1080391,GREENFIELD,2023-11-12,0
1734,SA1080391,GREENFIELD,2024-04-02,1
1735,SA7545707,GREENFIELD,2024-03-10,1
1736,SA7959948,GREENFIELD,2024-07-25,1
1737,SA6083709,GREENFIELD,2023-09-28,1
1738,SA6083709,GREENFIELD,2024-03-28,1
1739,SA3016292,ACQUIRED,2022-10-18,1
1740,SA3016292,ACQUIRED,2023-02-20,1
1741,SA3079175,GREENFIELD,2022-07-26,1
1742,SA2608152,GREENFIELD,2023-03-23,0
1743,SA4893653,GREENFIELD,2023-02-23,0
1744,SA6266475,GREENFIELD,2022-10-24,1
1745,SA6281200,GREENFIELD,2024-09-13,1
1746,SA2322173,GREENFIELD,2022-06-04,1
1747,SA2479111,GREENFIELD,2023-05-07,0
1748,SA2479111,GREENFIELD,2023-12-09,0
1749,SA3525577,GREENFIELD,2023-11-24,1
1750,SA2033637,GREENFIELD,2024-05-14,0
1751,SA2033637,GREENFIELD,2024-09-13,1
1752,SA5038270,GREENFIELD,2023-07-24,1
1753,SA2649588,GREENFIELD,2024-07-27,1
1754,SA1150283,GREENFIELD,2024-07-16,1
1755,SA3390148,GREENFIELD,2024-09-13,1
1756,SA5436220,GREENFIELD,2024-01-20,1
1757,SA6015278,GREENFIELD,2024-09-13,1
1758,SA3082312,GREENFIELD,2024-09-13,1
1759,SA5402491,GREENFIELD,2022-12-03,0
1760,SA3089894,GREENFIELD,2022-06-28,0
1761,SA3089894,GREENFIELD,2022-08-27,1
1762,SA4618078,GREENFIELD,2023-04-05,1
1763,SA5701455,GREENFIELD,2023-08-25,1
1764,SA5701455,GREENFIELD,2024-03-04,1
1765,SA4197364,GREENFIELD,2024-07-12,1
1766,SA3963989,GREENFIELD,2024-09-13,1
1767,SA5389349,GREENFIELD,2024-09-13,1
1768,SA7367135,WHOLESALE,2023-03-09,1
1769,SA7367135,WHOLESALE,2024-01-02,1
1770,SA7399178,GREENFIELD,2022-04-09,1
1771,SA7399178,GREENFIELD,2023-02-28,1
1772,SA3627897,GREENFIELD,2022-06-19,0
1773,SA3627897,GREENFIELD,2022-07-28,1
1774,SA1221164,GREENFIELD,2024-08-04,1
1775,SA5367521,GREENFIELD,2024-06-22,0
1776,SA5367521,GREENFIELD,2024-08-16,1
1777,SA4281071,WHOLESALE,2024-09-13,1
1778,SA2593703,GREENFIELD,2024-09-01,1
1779,SA8721159,GREENFIELD,2022-12-30,1
1780,SA5521094,GREENFIELD,2024-04-21,1
1781,SA5521094,GREENFIELD,2024-09-13,1
1782,SA6093716,GREENFIELD,2024-08-16,1
1783,SA2683592,GREENFIELD,2023-01-17,0
1784,SA8592344,GREENFIELD,2023-08-15,1
1785,SA8592344,GREENFIELD,2024-09-13,1
1786,SA7231362,WHOLESALE,2024-03-07,1
1787,SA7231362,WHOLESALE,2024-07-24,1
1788,SA6295001,GREENFIELD,2023-01-24,1
1789,SA6295001,GREENFIELD,2023-06-07,1
1790,SA1552908,GREENFIELD,2023-07-31,1
1791,SA1552908,GREENFIELD,2023-11-07,1
1792,SA2566086,GREENFIELD,2022-08-18,1
1793,SA1861579,GREENFIELD,2024-02-03,1
1794,SA1861579,GREENFIELD,2024-09-13,1
1795,SA7156679,GREENFIELD,2024-09-13,1
1796,SA4374745,GREENFIELD,2022-02-12,1
1797,SA4374745,GREENFIELD,2022-03-18,0
1798,SA4374745,GREENFIELD,2023-10-21,1
1799,SA7901248,GREENFIELD,2024-09-13,1
1800,SA3466300,GREENFIELD,2024-06-09,1
1801,SA3466300,GREENFIELD,2024-09-13,1
1802,SA8352571,GREENFIELD,2024-09-13,1
1803,SA6142545,GREENFIELD,2024-01-31,1
1804,SA6696394,GREENFIELD,2024-01-14,1
1805,SA7485660,GREENFIELD,2023-03-01,1
1806,SA2688949,GREENFIELD,2022-06-08,1
1807,SA1943641,GREENFIELD,2024-01-11,1
1808,SA1943641,GREENFIELD,2024-05-31,1
1809,SA4557843,GREENFIELD,2023-01-06,1
1810,SA8657095,GREENFIELD,2024-05-12,1
1811,SA5663678,GREENFIELD,2024-04-13,0
1812,SA5663678,GREENFIELD,2024-09-13,1
1813,SA4127534,GREENFIELD,2022-12-25,1
1814,SA8029774,GREENFIELD,2022-10-30,0
1815,SA8029774,GREENFIELD,2023-03-16,1
1816,SA4218120,GREENFIELD,2022-05-14,1
1817,SA2239363,WHOLESALE,2023-02-24,1
1818,SA4859351,GREENFIELD,2023-10-08,1
1819,SA8021069,GREENFIELD,2023-08-06,0
1820,SA8021069,GREENFIELD,2023-09-17,1
1821,SA3550827,GREENFIELD,2023-07-29,1
1822,SA8021925,GREENFIELD,2024-09-13,1
1823,SA1127367,GREENFIELD,2024-03-05,0
1824,SA1127367,GREENFIELD,2024-05-26,1
1825,SA4497688,GREENFIELD,2024-01-18,1
1826,SA4497688,GREENFIELD,2024-09-13,1
1827,SA7446797,GREENFIELD,2023-09-26,0
1828,SA7446797,GREENFIELD,2023-11-09,1
1829,SA8549450,GREENFIELD,2024-09-13,1
1830,SA2475452,GREENFIELD,2024-04-05,1
1831,SA2475452,GREENFIELD,2024-09-13,1
1832,SA2894855,GREENFIELD,2024-08-03,1
1833,SA5589282,GREENFIELD,2024-03-19,1
1834,SA3657003,GREENFIELD,2024-06-15,0
1835,SA8322009,GREENFIELD,2024-09-13,1
1836,SA3021393,GREENFIELD,2024-09-13,1
1837,SA2513778,GREENFIELD,2022-08-02,0
1838,SA2513778,GREENFIELD,2022-12-04,0
1839,SA3158319,GREENFIELD,2024-09-13,1
1840,SA2321172,ACQUIRED,2024-09-13,1
1841,SA3437535,GREENFIELD,2023-01-18,1
1842,SA7494506,GREENFIELD,2023-04-24,0
1843,SA7494506,GREENFIELD,2023-07-15,1
1844,SA8052234,GREENFIELD,2024-07-20,1
1845,SA4045057,GREENFIELD,2024-09-13,1
1846,SA2292975,GREENFIELD,2024-09-13,1
1847,SA2864688,GREENFIELD,2023-08-04,0
1848,SA2864688,GREENFIELD,2024-01-25,1
1849,SA1110126,GREENFIELD,2022-04-26,0
1850,SA1110126,GREENFIELD,2022-09-30,1
1851,SA6992030,GREENFIELD,2024-05-19,1
1852,SA3314896,WHOLESALE,2024-09-13,1
1853,SA5082746,ACQUIRED,2024-09-13,1
1854,SA7172953,GREENFIELD,2024-09-13,1
1855,SA5511009,GREENFIELD,2023-09-17,0
1856,SA5511009,GREENFIELD,2023-10-14,1
1857,SA4293865,GREENFIELD,2024-08-23,1
1858,SA5655168,GREENFIELD,2024-05-17,1
1859,SA5655168,GREENFIELD,2024-09-13,1
1860,SA4255053,ACQUIRED,2024-01-20,1
1861,SA4301936,GREENFIELD,2023-07-14,1
1862,SA2303397,GREENFIELD,2022-06-20,1
1863,SA7126776,WHOLESALE,2022-10-05,1
1864,SA5665323,GREENFIELD,2023-07-30,1
1865,SA1134540,GREENFIELD,2024-04-20,1
1866,SA3621278,GREENFIELD,2024-01-29,0
1867,SA3621278,GREENFIELD,2024-05-13,0
1868,SA8847533,GREENFIELD,2024-07-02,1
1869,SA7218347,GREENFIELD,2023-01-09,1
1870,SA2825459,GREENFIELD,2022-10-08,1
1871,SA2825459,GREENFIELD,2023-07-22,1
1872,SA4400409,GREENFIELD,2022-05-24,0
1873,SA4400409,GREENFIELD,2022-08-06,1
1874,SA3751176,GREENFIELD,2024-07-11,1
1875,SA3751176,GREENFIELD,2024-09-13,1
1876,SA6119806,GREENFIELD,2023-08-22,1
1877,SA8882355,GREENFIELD,2024-02-24,1
1878,SA3642486,GREENFIELD,2024-09-13,1
1879,SA2976500,GREENFIELD,2024-02-03,1
1880,SA3858093,GREENFIELD,2023-01-29,1
1881,SA3567198,GREENFIELD,2023-07-20,1
1882,SA7973865,GREENFIELD,2022-11-11,1
1883,SA7973865,GREENFIELD,2024-03-06,1
1884,SA7150433,GREENFIELD,2023-10-26,0
1885,SA2755099,GREENFIELD,2021-12-24,1
1886,SA2755099,GREENFIELD,2022-03-05,0
1887,SA2755099,GREENFIELD,2023-02-14,1
1888,SA5718799,GREENFIELD,2023-09-16,0
1889,SA3353353,GREENFIELD,2024-09-13,1
1890,SA1838797,GREENFIELD,2022-11-24,1
1891,SA1838797,GREENFIELD,2023-04-26,1
1892,SA3983456,GREENFIELD,2023-07-11,1
1893,SA3983456,GREENFIELD,2024-09-13,1
1894,SA5356278,ACQUIRED,2023-10-13,0
1895,SA5356278,ACQUIRED,2024-01-01,0
1896,SA1524822,GREENFIELD,2024-09-13,1
1897,SA2627520,GREENFIELD,2023-10-13,1
1898,SA1270368,GREENFIELD,2023-04-12,1
1899,SA1270368,GREENFIELD,2024-01-02,1
1900,SA3566905,GREENFIELD,2023-12-11,1
1901,SA3868172,GREENFIELD,2022-10-18,1
1902,SA1646470,GREENFIELD,2024-09-01,1
1903,SA6132827,GREENFIELD,2024-06-24,0
1904,SA6132827,GREENFIELD,2024-09-13,1
1905,SA7583289,GREENFIELD,2022-10-25,1
1906,SA2937024,GREENFIELD,2023-09-05,1
1907,SA5923016,GREENFIELD,2024-09-13,1
1908,SA4975450,GREENFIELD,2023-12-31,1
1909,SA7500873,GREENFIELD,2024-05-11,1
1910,SA7500873,GREENFIELD,2024-09-13,1
1911,SA3262964,GREENFIELD,2023-01-03,0
1912,SA3262964,GREENFIELD,2023-02-14,1
1913,SA7193641,GREENFIELD,2024-09-13,1
1914,SA2244230,GREENFIELD,2023-05-22,0
1915,SA4693314,GREENFIELD,2024-09-01,1
1916,SA4938371,GREENFIELD,2024-06-17,1
1917,SA4938371,GREENFIELD,2024-09-13,1
1918,SA3277162,GREENFIELD,2023-04-06,1
1919,SA1875042,GREENFIELD,2023-11-24,1
1920,SA7772489,GREENFIELD,2022-12-05,1
1921,SA8074193,GREENFIELD,2024-06-10,1
1922,SA3798184,GREENFIELD,2022-10-14,1
1923,SA8655093,GREENFIELD,2021-12-21,1
1924,SA8655093,GREENFIELD,2022-03-19,0
1925,SA8655093,GREENFIELD,2023-10-08,1
1926,SA4427494,GREENFIELD,2022-11-15,1
1927,SA5501003,GREENFIELD,2024-09-13,1
1928,SA8794262,GREENFIELD,2022-01-21,1
1929,SA8794262,GREENFIELD,2022-03-10,0
1930,SA8794262,GREENFIELD,2022-11-15,1
1931,SA8873216,GREENFIELD,2024-03-16,1
1932,SA8873216,GREENFIELD,2024-08-30,1
1933,SA4319304,GREENFIELD,2022-10-10,0
1934,SA7017171,GREENFIELD,2023-06-10,1
1935,SA1900303,GREENFIELD,2023-12-13,0
1936,SA1900303,GREENFIELD,2024-05-19,0
1937,SA8097921,GREENFIELD,2023-01-27,0
1938,SA8097921,GREENFIELD,2023-05-16,0
1939,SA3586411,GREENFIELD,2024-09-13,1
1940,SA3729628,GREENFIELD,2023-07-02,1
1941,SA1486653,GREENFIELD,2024-09-13,1
1942,SA1152928,GREENFIELD,2023-03-23,1
1943,SA1067633,GREENFIELD,2024-09-13,1
1944,SA4576860,GREENFIELD,2024-09-13,1
1945,SA6167326,GREENFIELD,2024-09-13,1
1946,SA3387076,GREENFIELD,2023-10-25,0
1947,SA3387076,GREENFIELD,2024-03-23,1
1948,SA2409195,GREENFIELD,2023-02-22,1
1949,SA2409195,GREENFIELD,2024-04-16,1
1950,SA5306833,GREENFIELD,2022-03-19,1
1951,SA8807005,GREENFIELD,2023-01-25,1
1952,SA8807005,GREENFIELD,2024-05-01,1
1953,SA7937463,GREENFIELD,2023-08-14,0
1954,SA7937463,GREENFIELD,2023-12-30,1
1955,SA8873533,GREENFIELD,2024-09-13,1
1956,SA2924214,GREENFIELD,2024-09-13,1
1957,SA4492384,GREENFIELD,2024-09-13,1
1958,SA1520175,GREENFIELD,2024-09-13,1
1959,SA3917305,WHOLESALE,2023-05-17,0
1960,SA3917305,WHOLESALE,2023-11-12,1
1961,SA6852335,GREENFIELD,2023-01-26,0
1962,SA6852335,GREENFIELD,2023-04-12,1
1963,SA6899973,GREENFIELD,2024-09-13,1
1964,SA7447787,GREENFIELD,2024-07-16,1
1965,SA1068597,GREENFIELD,2023-06-15,0
1966,SA1068597,GREENFIELD,2023-11-27,0
1967,SA5393640,GREENFIELD,2024-09-08,1
1968,SA7639502,GREENFIELD,2022-05-31,0
1969,SA7639502,GREENFIELD,2022-10-17,1
1970,SA2544638,GREENFIELD,2023-11-07,0
1971,SA2544638,GREENFIELD,2024-05-24,0
1972,SA8281608,GREENFIELD,2022-05-23,1
1973,SA2960757,GREENFIELD,2024-02-26,1
1974,SA8287859,GREENFIELD,2024-09-13,1
1975,SA7616492,GREENFIELD,2024-03-27,0
1976,SA7616492,GREENFIELD,2024-07-07,0
1977,SA3243715,GREENFIELD,2024-09-13,1
1978,SA4147173,GREENFIELD,2024-09-13,1
1979,SA5740739,GREENFIELD,2024-08-09,1
1980,SA7219569,GREENFIELD,2023-02-03,1
1981,SA3854846,GREENFIELD,2024-09-13,1
1982,SA7078578,GREENFIELD,2024-09-13,1
1983,SA5250382,GREENFIELD,2024-05-21,1
1984,SA4276936,GREENFIELD,2024-09-13,1
1985,SA1729324,GREENFIELD,2023-02-13,0
1986,SA1729324,GREENFIELD,2023-05-29,1
1987,SA3863320,GREENFIELD,2024-08-13,1
1988,SA3203494,GREENFIELD,2024-04-05,0
1989,SA3203494,GREENFIELD,2024-07-04,1
1990,SA4139571,GREENFIELD,2023-05-09,1
1991,SA6486689,GREENFIELD,2023-09-18,0
1992,SA1798948,GREENFIELD,2024-09-13,1
1993,SA8610501,GREENFIELD,2024-09-13,1
1994,SA1252531,WHOLESALE,2024-08-08,1
1995,SA8118709,GREENFIELD,2023-08-02,0
1996,SA8118709,GREENFIELD,2023-10-10,1
1997,SA8900542,GREENFIELD,2023-08-10,1
1998,SA7908943,GREENFIELD,2023-11-09,1
1999,SA7908943,GREENFIELD,2024-06-12,1
2000,SA4537331,GREENFIELD,2024-04-12,1
2001,SA1219766,GREENFIELD,2022-11-01,1
2002,SA7314619,GREENFIELD,2023-04-01,0
2003,SA7314619,GREENFIELD,2024-01-21,0
2004,SA7884977,ACQUIRED,2023-10-13,0
2005,SA7884977,ACQUIRED,2024-01-23,0
2006,SA2031660,GREENFIELD,2022-06-24,1
2007,SA6545789,GREENFIELD,2024-09-13,1
2008,SA6957722,GREENFIELD,2023-04-20,1
2009,SA3765646,GREENFIELD,2024-04-24,0
2010,SA3304129,GREENFIELD,2024-09-13,1
2011,SA4981145,GREENFIELD,2024-01-19,1
2012,SA4981145,GREENFIELD,2024-09-13,1
2013,SA1069918,GREENFIELD,2022-05-01,1
2014,SA2908863,GREENFIELD,2023-03-03,1
2015,SA1875771,GREENFIELD,2024-09-13,1
2016,SA8185884,GREENFIELD,2023-02-02,1
2017,SA1633476,GREENFIELD,2024-09-13,1
2018,SA8655521,ACQUIRED,2024-06-25,1
2019,SA2908770,WHOLESALE,2024-05-30,0
2020,SA2908770,WHOLESALE,2024-09-13,1
2021,SA5045330,GREENFIELD,2024-04-09,1
2022,SA4583618,GREENFIELD,2024-09-13,1
2023,SA8374221,GREENFIELD,2023-03-09,1
2024,SA2046595,GREENFIELD,2024-01-21,0
2025,SA2046595,GREENFIELD,2024-03-21,1
2026,SA5298665,GREENFIELD,2023-06-15,1
2027,SA8405283,GREENFIELD,2024-03-04,1
2028,SA6199900,GREENFIELD,2023-10-24,0
2029,SA6199900,GREENFIELD,2023-11-28,1
2030,SA5934143,GREENFIELD,2024-08-15,1
2031,SA4047937,GREENFIELD,2024-09-13,1
2032,SA1824193,WHOLESALE,2022-10-17,1
2033,SA5757532,GREENFIELD,2024-09-13,1
2034,SA1843181,GREENFIELD,2024-02-17,0
2035,SA4894795,GREENFIELD,2023-04-15,0
2036,SA4894795,GREENFIELD,2023-09-10,1
2037,SA7043267,ACQUIRED,2024-08-25,1
2038,SA3521615,GREENFIELD,2022-06-30,1
2039,SA8095858,GREENFIELD,2022-05-28,1
2040,SA8095858,GREENFIELD,2023-10-09,1
2041,SA6267616,GREENFIELD,2024-04-04,1
2042,SA4519138,GREENFIELD,2023-12-27,0
2043,SA4519138,GREENFIELD,2024-07-23,0
2044,SA2342065,GREENFIELD,2024-04-08,1
2045,SA2392053,GREENFIELD,2023-03-18,0
2046,SA2392053,GREENFIELD,2023-07-31,1
2047,SA4884403,GREENFIELD,2022-04-01,1
2048,SA7290749,GREENFIELD,2023-10-13,1
2049,SA6137531,GREENFIELD,2024-04-23,0
2050,SA6137531,GREENFIELD,2024-05-15,1
2051,SA3921818,GREENFIELD,2024-09-13,1
2052,SA3784386,WHOLESALE,2024-07-08,1
2053,SA6015430,GREENFIELD,2022-12-05,0
2054,SA6015430,GREENFIELD,2023-05-14,1
2055,SA6432551,GREENFIELD,2024-03-18,0
2056,SA5101146,GREENFIELD,2024-09-13,1
2057,SA1590458,GREENFIELD,2024-05-15,1
2058,SA3674938,GREENFIELD,2024-09-13,1
2059,SA8125639,GREENFIELD,2024-07-17,1
2060,SA3297317,GREENFIELD,2024-09-13,1
2061,SA1269228,GREENFIELD,2024-09-13,1
2062,SA4681900,GREENFIELD,2023-11-01,1
2063,SA5810025,GREENFIELD,2022-08-31,1
2064,SA6695006,GREENFIELD,2024-09-13,1
2065,SA4614663,ACQUIRED,2024-09-13,1
2066,SA6903047,GREENFIELD,2023-06-10,1
2067,SA4176871,GREENFIELD,2024-09-13,1
2068,SA6137457,GREENFIELD,2023-09-13,0
2069,SA6137457,GREENFIELD,2023-12-03,0
2070,SA5197035,GREENFIELD,2023-09-09,0
2071,SA5273282,GREENFIELD,2023-10-22,1
2072,SA8435785,GREENFIELD,2024-08-10,1
2073,SA2875280,GREENFIELD,2024-09-13,1
2074,SA3909032,GREENFIELD,2024-08-08,1
2075,SA2529079,GREENFIELD,2024-09-13,1
2076,SA3560097,GREENFIELD,2023-10-08,0
2077,SA3560097,GREENFIELD,2024-01-08,0
2078,SA4120262,ACQUIRED,2024-07-01,1
2079,SA4113952,GREENFIELD,2024-09-13,1
2080,SA1833270,GREENFIELD,2024-09-05,1
2081,SA4151143,GREENFIELD,2022-08-08,1
2082,SA7706932,GREENFIELD,2024-01-22,0
2083,SA7706932,GREENFIELD,2024-07-10,1
2084,SA4502874,GREENFIELD,2024-04-10,1
2085,SA7776658,GREENFIELD,2024-09-13,1
2086,SA5043865,GREENFIELD,2022-08-21,1
2087,SA8768223,GREENFIELD,2022-09-13,0
2088,SA2749418,GREENFIELD,2024-05-13,0
2089,SA2749418,GREENFIELD,2024-09-13,0
2090,SA8400807,ACQUIRED,2022-10-22,1
2091,SA8400807,ACQUIRED,2023-09-12,1
2092,SA6033444,GREENFIELD,2024-09-13,1
2093,SA3536029,GREENFIELD,2023-10-04,1
2094,SA6383887,GREENFIELD,2023-01-22,1
2095,SA1061635,GREENFIELD,2024-05-08,1
2096,SA7951532,GREENFIELD,2024-09-13,1
2097,SA5224217,GREENFIELD,2024-09-13,1
2098,SA5713558,GREENFIELD,2023-06-08,0
2099,SA5713558,GREENFIELD,2023-08-20,1
2100,SA5086929,GREENFIELD,2023-04-07,1
2101,SA5871472,GREENFIELD,2024-06-07,1
2102,SA7958852,GREENFIELD,2024-04-14,1
2103,SA5834177,GREENFIELD,2023-09-07,1
2104,SA5834177,GREENFIELD,2024-09-13,1
2105,SA6129556,GREENFIELD,2024-09-13,1
2106,SA8262372,GREENFIELD,2023-10-30,1
2107,SA5837282,GREENFIELD,2024-09-13,1
2108,SA2574180,GREENFIELD,2024-07-17,1
2109,SA4260191,GREENFIELD,2024-09-13,1
2110,SA2550968,GREENFIELD,2023-01-23,0
2111,SA2550968,GREENFIELD,2023-06-23,1
2112,SA6622499,GREENFIELD,2023-07-12,0
2113,SA6622499,GREENFIELD,2024-04-20,0
2114,SA6883992,GREENFIELD,2024-09-13,1
2115,SA6370524,GREENFIELD,2022-04-20,1
2116,SA7251285,GREENFIELD,2024-09-13,1
2117,SA6751155,ACQUIRED,2023-10-23,0
2118,SA6751155,ACQUIRED,2024-03-25,1
2119,SA2920545,GREENFIELD,2023-05-30,0
2120,SA2920545,GREENFIELD,2023-06-28,1
2121,SA6597855,GREENFIELD,2024-04-08,1
2122,SA3502789,GREENFIELD,2021-10-18,1
2123,SA3502789,GREENFIELD,2022-03-07,0
2124,SA3502789,GREENFIELD,2023-03-11,1
2125,SA7117693,GREENFIELD,2022-10-11,0
2126,SA7117693,GREENFIELD,2023-07-02,0
2127,SA4287150,GREENFIELD,2024-09-13,1
2128,SA6451824,GREENFIELD,2023-09-25,0
2129,SA6451824,GREENFIELD,2024-02-10,1
2130,SA4302736,ACQUIRED,2023-12-14,0
2131,SA4302736,ACQUIRED,2024-03-27,1
2132,SA2154882,GREENFIELD,2023-07-17,1
2133,SA5000972,GREENFIELD,2024-02-28,0
2134,SA5000972,GREENFIELD,2024-06-05,0
2135,SA1698385,ACQUIRED,2023-04-25,0
2136,SA1698385,ACQUIRED,2024-01-01,0
2137,SA6868792,GREENFIELD,2023-06-03,1
2138,SA7847459,WHOLESALE,2023-12-11,0
2139,SA6838098,GREENFIELD,2024-09-13,1
2140,SA2040936,GREENFIELD,2024-09-13,1
2141,SA8410019,GREENFIELD,2024-09-13,1
2142,SA3878693,GREENFIELD,2022-12-30,1
2143,SA3878693,GREENFIELD,2023-07-26,1
2144,SA4511183,GREENFIELD,2024-09-13,1
2145,SA4589674,GREENFIELD,2024-01-27,0
2146,SA4589674,GREENFIELD,2024-09-13,0
2147,SA6982200,GREENFIELD,2023-03-10,0
2148,SA8811136,GREENFIELD,2024-09-13,1
2149,SA4684991,GREENFIELD,2024-04-20,1
2150,SA1517318,GREENFIELD,2022-09-05,1
2151,SA1517318,GREENFIELD,2023-06-14,1
2152,SA7006621,GREENFIELD,2024-03-13,1
2153,SA4531662,GREENFIELD,2023-12-08,1
2154,SA6106627,WHOLESALE,2023-01-11,0
2155,SA6106627,WHOLESALE,2023-03-03,1
2156,SA4389823,GREENFIELD,2024-09-13,1
2157,SA1794523,GREENFIELD,2024-08-08,1
2158,SA3143746,GREENFIELD,2021-08-10,1
2159,SA2037191,GREENFIELD,2022-01-18,1
2160,SA2037191,GREENFIELD,2022-03-13,0
2161,SA2037191,GREENFIELD,2023-04-02,1
2162,SA7229816,GREENFIELD,2024-06-27,1
2163,SA1119007,GREENFIELD,2024-09-13,1
2164,SA6314529,GREENFIELD,2023-12-23,1
2165,SA3483214,GREENFIELD,2024-09-13,1
2166,SA6747566,GREENFIELD,2022-08-26,0
2167,SA6747566,GREENFIELD,2022-12-07,1
2168,SA3386409,GREENFIELD,2024-05-08,0
2169,SA3386409,GREENFIELD,2024-08-25,1
2170,SA5185139,ACQUIRED,2022-12-29,1
2171,SA1400373,GREENFIELD,2023-05-26,1
2172,SA1400373,GREENFIELD,2024-01-13,1
2173,SA2252009,WHOLESALE,2024-08-31,1
2174,SA1995785,GREENFIELD,2023-10-31,1
2175,SA7484933,GREENFIELD,2022-01-07,1
2176,SA7484933,GREENFIELD,2022-03-01,0
2177,SA7484933,GREENFIELD,2023-11-14,1
2178,SA1408174,GREENFIELD,2023-02-10,1
2179,SA2025004,GREENFIELD,2023-09-21,0
2180,SA4699522,GREENFIELD,2024-07-12,0
2181,SA4699522,GREENFIELD,2024-09-06,0
2182,SA4890234,GREENFIELD,2023-08-21,0
2183,SA4890234,GREENFIELD,2023-12-02,1
2184,SA8793931,GREENFIELD,2022-02-27,0
2185,SA8793931,GREENFIELD,2022-10-19,0
2186,SA6237150,GREENFIELD,2024-09-13,1
2187,SA5364495,ACQUIRED,2022-12-12,0
2188,SA5364495,ACQUIRED,2023-04-16,1
2189,SA3623177,GREENFIELD,2024-04-16,0
2190,SA3623177,GREENFIELD,2024-07-23,1
2191,SA8906091,GREENFIELD,2022-11-26,0
2192,SA5976862,GREENFIELD,2024-04-08,1
2193,SA5985245,GREENFIELD,2022-09-27,0
2194,SA5985245,GREENFIELD,2022-12-10,1
